--
-- PostgreSQL database dump
--

-- Dumped from database version 15.12 (Debian 15.12-1.pgdg120+1)
-- Dumped by pg_dump version 15.12 (Debian 15.12-1.pgdg120+1)

SET statement_timeout = 0;
SET lock_timeout = 0;
SET idle_in_transaction_session_timeout = 0;
SET client_encoding = 'UTF8';
SET standard_conforming_strings = on;
SELECT pg_catalog.set_config('search_path', '', false);
SET check_function_bodies = false;
SET xmloption = content;
SET client_min_messages = warning;
SET row_security = off;

SET default_tablespace = '';

SET default_table_access_method = heap;

--
-- Name: api_classroom; Type: TABLE; Schema: public; Owner: myuser
--

CREATE TABLE public.api_classroom (
    id bigint NOT NULL,
    deleted_at timestamp with time zone,
    created_at timestamp with time zone NOT NULL,
    updated_at timestamp with time zone NOT NULL,
    name character varying(255) NOT NULL,
    start_time time without time zone,
    end_time time without time zone,
    teacher_id bigint NOT NULL
);


ALTER TABLE public.api_classroom OWNER TO myuser;

--
-- Name: api_classroom_id_seq; Type: SEQUENCE; Schema: public; Owner: myuser
--

ALTER TABLE public.api_classroom ALTER COLUMN id ADD GENERATED BY DEFAULT AS IDENTITY (
    SEQUENCE NAME public.api_classroom_id_seq
    START WITH 1
    INCREMENT BY 1
    NO MINVALUE
    NO MAXVALUE
    CACHE 1
);


--
-- Name: api_classroom_students; Type: TABLE; Schema: public; Owner: myuser
--

CREATE TABLE public.api_classroom_students (
    id bigint NOT NULL,
    classroom_id bigint NOT NULL,
    student_id bigint NOT NULL
);


ALTER TABLE public.api_classroom_students OWNER TO myuser;

--
-- Name: api_classroom_students_id_seq; Type: SEQUENCE; Schema: public; Owner: myuser
--

ALTER TABLE public.api_classroom_students ALTER COLUMN id ADD GENERATED BY DEFAULT AS IDENTITY (
    SEQUENCE NAME public.api_classroom_students_id_seq
    START WITH 1
    INCREMENT BY 1
    NO MINVALUE
    NO MAXVALUE
    CACHE 1
);


--
-- Name: api_classsession; Type: TABLE; Schema: public; Owner: myuser
--

CREATE TABLE public.api_classsession (
    id bigint NOT NULL,
    deleted_at timestamp with time zone,
    created_at timestamp with time zone NOT NULL,
    updated_at timestamp with time zone NOT NULL,
    day_of_week integer NOT NULL,
    start_time time without time zone NOT NULL,
    end_time time without time zone NOT NULL,
    classroom_id bigint NOT NULL
);


ALTER TABLE public.api_classsession OWNER TO myuser;

--
-- Name: api_classsession_id_seq; Type: SEQUENCE; Schema: public; Owner: myuser
--

ALTER TABLE public.api_classsession ALTER COLUMN id ADD GENERATED BY DEFAULT AS IDENTITY (
    SEQUENCE NAME public.api_classsession_id_seq
    START WITH 1
    INCREMENT BY 1
    NO MINVALUE
    NO MAXVALUE
    CACHE 1
);


--
-- Name: api_customuser; Type: TABLE; Schema: public; Owner: myuser
--

CREATE TABLE public.api_customuser (
    id bigint NOT NULL,
    password character varying(128) NOT NULL,
    last_login timestamp with time zone,
    username character varying(255) NOT NULL,
    is_active boolean NOT NULL,
    is_staff boolean NOT NULL,
    is_superuser boolean NOT NULL,
    name character varying(255),
    gender character varying(1),
    phone_number character varying(15),
    dob date,
    face_auth boolean NOT NULL
);


ALTER TABLE public.api_customuser OWNER TO myuser;

--
-- Name: api_customuser_groups; Type: TABLE; Schema: public; Owner: myuser
--

CREATE TABLE public.api_customuser_groups (
    id bigint NOT NULL,
    customuser_id bigint NOT NULL,
    group_id integer NOT NULL
);


ALTER TABLE public.api_customuser_groups OWNER TO myuser;

--
-- Name: api_customuser_groups_id_seq; Type: SEQUENCE; Schema: public; Owner: myuser
--

ALTER TABLE public.api_customuser_groups ALTER COLUMN id ADD GENERATED BY DEFAULT AS IDENTITY (
    SEQUENCE NAME public.api_customuser_groups_id_seq
    START WITH 1
    INCREMENT BY 1
    NO MINVALUE
    NO MAXVALUE
    CACHE 1
);


--
-- Name: api_customuser_id_seq; Type: SEQUENCE; Schema: public; Owner: myuser
--

ALTER TABLE public.api_customuser ALTER COLUMN id ADD GENERATED BY DEFAULT AS IDENTITY (
    SEQUENCE NAME public.api_customuser_id_seq
    START WITH 1
    INCREMENT BY 1
    NO MINVALUE
    NO MAXVALUE
    CACHE 1
);


--
-- Name: api_customuser_user_permissions; Type: TABLE; Schema: public; Owner: myuser
--

CREATE TABLE public.api_customuser_user_permissions (
    id bigint NOT NULL,
    customuser_id bigint NOT NULL,
    permission_id integer NOT NULL
);


ALTER TABLE public.api_customuser_user_permissions OWNER TO myuser;

--
-- Name: api_customuser_user_permissions_id_seq; Type: SEQUENCE; Schema: public; Owner: myuser
--

ALTER TABLE public.api_customuser_user_permissions ALTER COLUMN id ADD GENERATED BY DEFAULT AS IDENTITY (
    SEQUENCE NAME public.api_customuser_user_permissions_id_seq
    START WITH 1
    INCREMENT BY 1
    NO MINVALUE
    NO MAXVALUE
    CACHE 1
);


--
-- Name: api_embeddingdata; Type: TABLE; Schema: public; Owner: myuser
--

CREATE TABLE public.api_embeddingdata (
    id bigint NOT NULL,
    embedding double precision[],
    label character varying(255)
);


ALTER TABLE public.api_embeddingdata OWNER TO myuser;

--
-- Name: api_embeddingdata_id_seq; Type: SEQUENCE; Schema: public; Owner: myuser
--

ALTER TABLE public.api_embeddingdata ALTER COLUMN id ADD GENERATED BY DEFAULT AS IDENTITY (
    SEQUENCE NAME public.api_embeddingdata_id_seq
    START WITH 1
    INCREMENT BY 1
    NO MINVALUE
    NO MAXVALUE
    CACHE 1
);


--
-- Name: api_student; Type: TABLE; Schema: public; Owner: myuser
--

CREATE TABLE public.api_student (
    customuser_ptr_id bigint NOT NULL
);


ALTER TABLE public.api_student OWNER TO myuser;

--
-- Name: api_teacher; Type: TABLE; Schema: public; Owner: myuser
--

CREATE TABLE public.api_teacher (
    customuser_ptr_id bigint NOT NULL
);


ALTER TABLE public.api_teacher OWNER TO myuser;

--
-- Name: auth_group; Type: TABLE; Schema: public; Owner: myuser
--

CREATE TABLE public.auth_group (
    id integer NOT NULL,
    name character varying(150) NOT NULL
);


ALTER TABLE public.auth_group OWNER TO myuser;

--
-- Name: auth_group_id_seq; Type: SEQUENCE; Schema: public; Owner: myuser
--

ALTER TABLE public.auth_group ALTER COLUMN id ADD GENERATED BY DEFAULT AS IDENTITY (
    SEQUENCE NAME public.auth_group_id_seq
    START WITH 1
    INCREMENT BY 1
    NO MINVALUE
    NO MAXVALUE
    CACHE 1
);


--
-- Name: auth_group_permissions; Type: TABLE; Schema: public; Owner: myuser
--

CREATE TABLE public.auth_group_permissions (
    id bigint NOT NULL,
    group_id integer NOT NULL,
    permission_id integer NOT NULL
);


ALTER TABLE public.auth_group_permissions OWNER TO myuser;

--
-- Name: auth_group_permissions_id_seq; Type: SEQUENCE; Schema: public; Owner: myuser
--

ALTER TABLE public.auth_group_permissions ALTER COLUMN id ADD GENERATED BY DEFAULT AS IDENTITY (
    SEQUENCE NAME public.auth_group_permissions_id_seq
    START WITH 1
    INCREMENT BY 1
    NO MINVALUE
    NO MAXVALUE
    CACHE 1
);


--
-- Name: auth_permission; Type: TABLE; Schema: public; Owner: myuser
--

CREATE TABLE public.auth_permission (
    id integer NOT NULL,
    name character varying(255) NOT NULL,
    content_type_id integer NOT NULL,
    codename character varying(100) NOT NULL
);


ALTER TABLE public.auth_permission OWNER TO myuser;

--
-- Name: auth_permission_id_seq; Type: SEQUENCE; Schema: public; Owner: myuser
--

ALTER TABLE public.auth_permission ALTER COLUMN id ADD GENERATED BY DEFAULT AS IDENTITY (
    SEQUENCE NAME public.auth_permission_id_seq
    START WITH 1
    INCREMENT BY 1
    NO MINVALUE
    NO MAXVALUE
    CACHE 1
);


--
-- Name: django_admin_log; Type: TABLE; Schema: public; Owner: myuser
--

CREATE TABLE public.django_admin_log (
    id integer NOT NULL,
    action_time timestamp with time zone NOT NULL,
    object_id text,
    object_repr character varying(200) NOT NULL,
    action_flag smallint NOT NULL,
    change_message text NOT NULL,
    content_type_id integer,
    user_id bigint NOT NULL,
    CONSTRAINT django_admin_log_action_flag_check CHECK ((action_flag >= 0))
);


ALTER TABLE public.django_admin_log OWNER TO myuser;

--
-- Name: django_admin_log_id_seq; Type: SEQUENCE; Schema: public; Owner: myuser
--

ALTER TABLE public.django_admin_log ALTER COLUMN id ADD GENERATED BY DEFAULT AS IDENTITY (
    SEQUENCE NAME public.django_admin_log_id_seq
    START WITH 1
    INCREMENT BY 1
    NO MINVALUE
    NO MAXVALUE
    CACHE 1
);


--
-- Name: django_content_type; Type: TABLE; Schema: public; Owner: myuser
--

CREATE TABLE public.django_content_type (
    id integer NOT NULL,
    app_label character varying(100) NOT NULL,
    model character varying(100) NOT NULL
);


ALTER TABLE public.django_content_type OWNER TO myuser;

--
-- Name: django_content_type_id_seq; Type: SEQUENCE; Schema: public; Owner: myuser
--

ALTER TABLE public.django_content_type ALTER COLUMN id ADD GENERATED BY DEFAULT AS IDENTITY (
    SEQUENCE NAME public.django_content_type_id_seq
    START WITH 1
    INCREMENT BY 1
    NO MINVALUE
    NO MAXVALUE
    CACHE 1
);


--
-- Name: django_migrations; Type: TABLE; Schema: public; Owner: myuser
--

CREATE TABLE public.django_migrations (
    id bigint NOT NULL,
    app character varying(255) NOT NULL,
    name character varying(255) NOT NULL,
    applied timestamp with time zone NOT NULL
);


ALTER TABLE public.django_migrations OWNER TO myuser;

--
-- Name: django_migrations_id_seq; Type: SEQUENCE; Schema: public; Owner: myuser
--

ALTER TABLE public.django_migrations ALTER COLUMN id ADD GENERATED BY DEFAULT AS IDENTITY (
    SEQUENCE NAME public.django_migrations_id_seq
    START WITH 1
    INCREMENT BY 1
    NO MINVALUE
    NO MAXVALUE
    CACHE 1
);


--
-- Name: django_session; Type: TABLE; Schema: public; Owner: myuser
--

CREATE TABLE public.django_session (
    session_key character varying(40) NOT NULL,
    session_data text NOT NULL,
    expire_date timestamp with time zone NOT NULL
);


ALTER TABLE public.django_session OWNER TO myuser;

--
-- Name: face_auth_logs; Type: TABLE; Schema: public; Owner: myuser
--

CREATE TABLE public.face_auth_logs (
    id bigint NOT NULL,
    deleted_at timestamp with time zone,
    created_at timestamp with time zone NOT NULL,
    updated_at timestamp with time zone NOT NULL,
    image_data bytea,
    is_valid boolean NOT NULL,
    student_id bigint,
    class_session_id bigint
);


ALTER TABLE public.face_auth_logs OWNER TO myuser;

--
-- Name: face_auth_logs_id_seq; Type: SEQUENCE; Schema: public; Owner: myuser
--

ALTER TABLE public.face_auth_logs ALTER COLUMN id ADD GENERATED BY DEFAULT AS IDENTITY (
    SEQUENCE NAME public.face_auth_logs_id_seq
    START WITH 1
    INCREMENT BY 1
    NO MINVALUE
    NO MAXVALUE
    CACHE 1
);


--
-- Name: reports; Type: TABLE; Schema: public; Owner: myuser
--

CREATE TABLE public.reports (
    id bigint NOT NULL,
    deleted_at timestamp with time zone,
    created_at timestamp with time zone NOT NULL,
    updated_at timestamp with time zone NOT NULL,
    problem text,
    log_face_id bigint NOT NULL,
    student_id bigint NOT NULL
);


ALTER TABLE public.reports OWNER TO myuser;

--
-- Name: reports_id_seq; Type: SEQUENCE; Schema: public; Owner: myuser
--

ALTER TABLE public.reports ALTER COLUMN id ADD GENERATED BY DEFAULT AS IDENTITY (
    SEQUENCE NAME public.reports_id_seq
    START WITH 1
    INCREMENT BY 1
    NO MINVALUE
    NO MAXVALUE
    CACHE 1
);


--
-- Name: scores; Type: TABLE; Schema: public; Owner: myuser
--

CREATE TABLE public.scores (
    id bigint NOT NULL,
    deleted_at timestamp with time zone,
    created_at timestamp with time zone NOT NULL,
    updated_at timestamp with time zone NOT NULL,
    score double precision NOT NULL,
    classroom_id bigint,
    student_id bigint
);


ALTER TABLE public.scores OWNER TO myuser;

--
-- Name: scores_id_seq; Type: SEQUENCE; Schema: public; Owner: myuser
--

ALTER TABLE public.scores ALTER COLUMN id ADD GENERATED BY DEFAULT AS IDENTITY (
    SEQUENCE NAME public.scores_id_seq
    START WITH 1
    INCREMENT BY 1
    NO MINVALUE
    NO MAXVALUE
    CACHE 1
);


--
-- Data for Name: api_classroom; Type: TABLE DATA; Schema: public; Owner: myuser
--

COPY public.api_classroom (id, deleted_at, created_at, updated_at, name, start_time, end_time, teacher_id) FROM stdin;
\.


--
-- Data for Name: api_classroom_students; Type: TABLE DATA; Schema: public; Owner: myuser
--

COPY public.api_classroom_students (id, classroom_id, student_id) FROM stdin;
\.


--
-- Data for Name: api_classsession; Type: TABLE DATA; Schema: public; Owner: myuser
--

COPY public.api_classsession (id, deleted_at, created_at, updated_at, day_of_week, start_time, end_time, classroom_id) FROM stdin;
\.


--
-- Data for Name: api_customuser; Type: TABLE DATA; Schema: public; Owner: myuser
--

COPY public.api_customuser (id, password, last_login, username, is_active, is_staff, is_superuser, name, gender, phone_number, dob, face_auth) FROM stdin;
1	pbkdf2_sha256$870000$iIyKrJsjP5VMJVgZpNT7L2$lu/Fo5IgjF+REr6ESRNw6xKEzM8QcimQz9cVBRlpxAY=	2025-02-26 08:12:25.803019+00	admin	t	t	t	\N	\N	\N	\N	f
\.


--
-- Data for Name: api_customuser_groups; Type: TABLE DATA; Schema: public; Owner: myuser
--

COPY public.api_customuser_groups (id, customuser_id, group_id) FROM stdin;
\.


--
-- Data for Name: api_customuser_user_permissions; Type: TABLE DATA; Schema: public; Owner: myuser
--

COPY public.api_customuser_user_permissions (id, customuser_id, permission_id) FROM stdin;
\.


--
-- Data for Name: api_embeddingdata; Type: TABLE DATA; Schema: public; Owner: myuser
--

COPY public.api_embeddingdata (id, embedding, label) FROM stdin;
\.


--
-- Data for Name: api_student; Type: TABLE DATA; Schema: public; Owner: myuser
--

COPY public.api_student (customuser_ptr_id) FROM stdin;
\.


--
-- Data for Name: api_teacher; Type: TABLE DATA; Schema: public; Owner: myuser
--

COPY public.api_teacher (customuser_ptr_id) FROM stdin;
\.


--
-- Data for Name: auth_group; Type: TABLE DATA; Schema: public; Owner: myuser
--

COPY public.auth_group (id, name) FROM stdin;
\.


--
-- Data for Name: auth_group_permissions; Type: TABLE DATA; Schema: public; Owner: myuser
--

COPY public.auth_group_permissions (id, group_id, permission_id) FROM stdin;
\.


--
-- Data for Name: auth_permission; Type: TABLE DATA; Schema: public; Owner: myuser
--

COPY public.auth_permission (id, name, content_type_id, codename) FROM stdin;
1	Can add custom user	1	add_customuser
2	Can change custom user	1	change_customuser
3	Can delete custom user	1	delete_customuser
4	Can view custom user	1	view_customuser
5	Can add embedding data	2	add_embeddingdata
6	Can change embedding data	2	change_embeddingdata
7	Can delete embedding data	2	delete_embeddingdata
8	Can view embedding data	2	view_embeddingdata
9	Can add face auth log	3	add_faceauthlog
10	Can change face auth log	3	change_faceauthlog
11	Can delete face auth log	3	delete_faceauthlog
12	Can view face auth log	3	view_faceauthlog
13	Can add student	4	add_student
14	Can change student	4	change_student
15	Can delete student	4	delete_student
16	Can view student	4	view_student
17	Can add teacher	5	add_teacher
18	Can change teacher	5	change_teacher
19	Can delete teacher	5	delete_teacher
20	Can view teacher	5	view_teacher
21	Can add classroom	6	add_classroom
22	Can change classroom	6	change_classroom
23	Can delete classroom	6	delete_classroom
24	Can view classroom	6	view_classroom
25	Can add class session	7	add_classsession
26	Can change class session	7	change_classsession
27	Can delete class session	7	delete_classsession
28	Can view class session	7	view_classsession
29	Can add score	8	add_score
30	Can change score	8	change_score
31	Can delete score	8	delete_score
32	Can view score	8	view_score
33	Can add report	9	add_report
34	Can change report	9	change_report
35	Can delete report	9	delete_report
36	Can view report	9	view_report
37	Can add log entry	10	add_logentry
38	Can change log entry	10	change_logentry
39	Can delete log entry	10	delete_logentry
40	Can view log entry	10	view_logentry
41	Can add permission	11	add_permission
42	Can change permission	11	change_permission
43	Can delete permission	11	delete_permission
44	Can view permission	11	view_permission
45	Can add group	12	add_group
46	Can change group	12	change_group
47	Can delete group	12	delete_group
48	Can view group	12	view_group
49	Can add content type	13	add_contenttype
50	Can change content type	13	change_contenttype
51	Can delete content type	13	delete_contenttype
52	Can view content type	13	view_contenttype
53	Can add session	14	add_session
54	Can change session	14	change_session
55	Can delete session	14	delete_session
56	Can view session	14	view_session
\.


--
-- Data for Name: django_admin_log; Type: TABLE DATA; Schema: public; Owner: myuser
--

COPY public.django_admin_log (id, action_time, object_id, object_repr, action_flag, change_message, content_type_id, user_id) FROM stdin;
1	2025-02-23 05:04:14.960304+00	2	Tiến Luật	3		4	1
2	2025-02-23 05:10:25.700052+00	4	[0.022560840472579002, 0.028614550828933716] Tiến Luật	3		2	1
3	2025-02-23 05:10:25.700103+00	3	[0.0774896889925003, 0.033036477863788605] Tiến Luật	3		2	1
4	2025-02-23 05:10:25.700121+00	2	[-0.007898625917732716, 0.04587075486779213] Tiến Luật	3		2	1
5	2025-02-23 05:10:25.700136+00	1	[0.018262382596731186, 0.045381926000118256] Tiến Luật	3		2	1
6	2025-02-23 05:11:01.551648+00	8	[0.022560840472579002, 0.028614550828933716] Tiến Luật	3		2	1
7	2025-02-23 05:11:01.551689+00	7	[0.0774896889925003, 0.033036477863788605] Tiến Luật	3		2	1
8	2025-02-23 05:11:01.55171+00	6	[-0.007898625917732716, 0.04587075486779213] Tiến Luật	3		2	1
9	2025-02-23 05:11:01.551724+00	5	[0.018262382596731186, 0.045381926000118256] Tiến Luật	3		2	1
10	2025-02-23 05:30:34.520988+00	1	Lớp AI 2025	3		6	1
11	2025-02-23 05:34:04.938662+00	2	Lớp AI 2025	3		6	1
12	2025-02-23 06:57:09.631577+00	12	[0.022560840472579002, 0.028614550828933716] Tiến Luật	3		2	1
13	2025-02-23 06:57:09.631642+00	11	[0.0774896889925003, 0.033036477863788605] Tiến Luật	3		2	1
14	2025-02-23 06:57:09.631658+00	10	[-0.007898625917732716, 0.04587075486779213] Tiến Luật	3		2	1
15	2025-02-23 06:57:09.63167+00	9	[0.018262382596731186, 0.045381926000118256] Tiến Luật	3		2	1
16	2025-02-23 06:57:18.00319+00	3	Tiến Luật	3		4	1
17	2025-02-23 14:26:48.327188+00	61	[-0.07761408388614655, -0.004966955166310072] None	3		2	1
18	2025-02-23 14:26:48.327317+00	60	[-0.045944008976221085, 0.01371618639677763] None	3		2	1
19	2025-02-23 14:26:48.327344+00	59	[-0.008504864759743214, -0.0006623585359193385] None	3		2	1
20	2025-02-23 14:26:48.327363+00	58	[-0.0019450605614110827, 0.0031478404998779297] None	3		2	1
21	2025-02-23 14:26:48.327381+00	57	[0.012310733087360859, 0.00415773456916213] None	3		2	1
22	2025-02-23 14:33:18.030512+00	66	[0.011221828870475292, -0.013431433588266373] Thành Nam	3		2	1
23	2025-02-23 14:33:18.030548+00	65	[0.04184321314096451, -0.01184940803796053] Thành Nam	3		2	1
24	2025-02-23 14:33:18.030563+00	64	[0.035735681653022766, -0.006615761201828718] Thành Nam	3		2	1
25	2025-02-23 14:33:18.030575+00	63	[0.03914906829595566, -0.014260164462029934] Thành Nam	3		2	1
26	2025-02-23 14:33:18.030586+00	62	[0.038877859711647034, -0.016880586743354797] Thành Nam	3		2	1
27	2025-02-24 02:20:11.592834+00	5	2025-02-24 02:07:45.417795+00:00	3		3	1
28	2025-02-24 02:37:56.269917+00	6	2025-02-24 02:33:22.191147+00:00	3		3	1
29	2025-02-24 02:40:04.214912+00	7	2025-02-24 02:39:15.830529+00:00	3		3	1
30	2025-02-24 02:44:14.059691+00	8	2025-02-24 02:41:40.265516+00:00	3		3	1
31	2025-02-24 02:45:17.012519+00	9	2025-02-24 02:44:22.203260+00:00	3		3	1
32	2025-02-24 02:46:06.293025+00	10	2025-02-24 02:45:26.244187+00:00	3		3	1
33	2025-02-24 02:48:30.09418+00	11	2025-02-24 02:48:17.461973+00:00	3		3	1
34	2025-02-24 02:48:54.174588+00	12	2025-02-24 02:48:38.682480+00:00	3		3	1
35	2025-02-24 04:36:18.516241+00	71	[-0.008849574252963066, -0.02851087413728237] Trung Hiếu	3		2	1
36	2025-02-24 04:36:18.516282+00	70	[-0.022457504644989967, 0.007116082590073347] Trung Hiếu	3		2	1
37	2025-02-24 04:36:18.516296+00	69	[-0.017202917486429214, 0.0084666283801198] Trung Hiếu	3		2	1
38	2025-02-24 04:36:18.516309+00	68	[-0.011505077593028545, 0.004977028351277113] Trung Hiếu	3		2	1
39	2025-02-24 04:36:18.51632+00	67	[-0.009911153465509415, -0.0036409152671694756] Trung Hiếu	3		2	1
40	2025-02-24 04:36:27.285671+00	7	Trung Hiếu	3		4	1
41	2025-02-24 08:13:16.083721+00	86	[-0.015593471005558968, 0.011143825948238373] Thầy Hiếu	3		2	1
42	2025-02-24 08:13:16.083761+00	85	[-0.002586265094578266, -0.02316230908036232] Thầy Hiếu	3		2	1
43	2025-02-24 08:13:16.083777+00	84	[0.009220756590366364, -0.002323158783838153] Thầy Hiếu	3		2	1
44	2025-02-24 08:13:16.08379+00	83	[0.00849970057606697, -0.020175902172923088] Thầy Hiếu	3		2	1
45	2025-02-24 08:13:16.083802+00	82	[0.02125438116490841, -0.03106153942644596] Thầy Hiếu	3		2	1
46	2025-02-24 08:13:16.083813+00	81	[0.02317042276263237, -0.024375978857278824] Thầy Hiếu	3		2	1
47	2025-02-24 08:13:16.083824+00	80	[0.027532285079360008, -0.006114800926297903] Thầy Hiếu	3		2	1
48	2025-02-24 08:13:16.083835+00	79	[0.0251495111733675, -0.009252853691577911] Thầy Hiếu	3		2	1
49	2025-02-24 08:13:16.083846+00	78	[0.020827442407608032, -0.013226526789367199] Thầy Hiếu	3		2	1
50	2025-02-24 08:13:16.083857+00	77	[0.022213103249669075, -0.01297985389828682] Thầy Hiếu	3		2	1
51	2025-02-24 08:13:22.239658+00	76	[0.005034398287534714, -0.012063980102539062] Trung Hiếu 2	3		2	1
52	2025-02-24 08:13:22.239693+00	75	[0.005840913858264685, -0.011422630399465561] Trung Hiếu 2	3		2	1
53	2025-02-24 08:13:22.239706+00	74	[0.0019946894608438015, -0.010243089869618416] Trung Hiếu 2	3		2	1
54	2025-02-24 08:13:22.239718+00	73	[-0.001958267530426383, -0.014239208772778511] Trung Hiếu 2	3		2	1
55	2025-02-24 08:13:25.754485+00	72	[0.00030648670508526266, -0.026294011622667313] Trung Hiếu 2	3		2	1
56	2025-02-24 08:14:11.117621+00	8	Trung Hiếu 2	3		4	1
57	2025-02-24 08:14:11.117649+00	6	Thành Nam	3		4	1
58	2025-02-24 08:14:11.117679+00	5	Tiến Luật	3		4	1
59	2025-02-24 08:14:18.281514+00	56	[0.017901068553328514, 0.06400758028030396] Thành Nam	3		2	1
60	2025-02-24 08:14:18.28155+00	55	[0.011987916193902493, 0.07883289456367493] Thành Nam	3		2	1
61	2025-02-24 08:14:18.281563+00	54	[0.01373661495745182, 0.052039846777915955] Thành Nam	3		2	1
62	2025-02-24 08:14:18.281574+00	53	[0.018786314874887466, 0.05720032379031181] Thành Nam	3		2	1
63	2025-02-24 08:14:18.281584+00	52	[0.015484271571040154, 0.07657428085803986] Thành Nam	3		2	1
64	2025-02-24 08:14:18.281595+00	51	[0.013433476909995079, 0.05642060190439224] Thành Nam	3		2	1
65	2025-02-24 08:14:18.281605+00	50	[0.023592235520482063, 0.03880834951996803] Thành Nam	3		2	1
66	2025-02-24 08:14:18.281615+00	49	[0.022364160045981407, 0.049944598227739334] Thành Nam	3		2	1
67	2025-02-24 08:14:18.281626+00	48	[0.009928960353136063, 0.05716650187969208] Thành Nam	3		2	1
68	2025-02-24 08:14:18.281636+00	47	[0.002884585876017809, 0.07515211403369904] Thành Nam	3		2	1
69	2025-02-24 08:14:18.281646+00	46	[-0.001927782315760851, 0.062443919479846954] Thành Nam	3		2	1
70	2025-02-24 08:14:18.281656+00	45	[9.055018381332047e-06, 0.07763676345348358] Thành Nam	3		2	1
71	2025-02-24 08:14:18.281666+00	44	[-0.006546689197421074, 0.08394526690244675] Thành Nam	3		2	1
72	2025-02-24 08:14:18.281676+00	43	[-0.003981540445238352, 0.06858592480421066] Thành Nam	3		2	1
73	2025-02-24 08:14:18.281686+00	42	[0.004930127877742052, 0.07014797627925873] Thành Nam	3		2	1
74	2025-02-24 08:14:18.281695+00	41	[0.010389567352831364, 0.06738967448472977] Thành Nam	3		2	1
75	2025-02-24 08:14:18.281706+00	40	[0.005684964824467897, 0.06781531870365143] Thành Nam	3		2	1
76	2025-02-24 08:14:18.281715+00	39	[-0.003212198382243514, 0.07856535911560059] Thành Nam	3		2	1
77	2025-02-24 08:14:18.281725+00	38	[0.006584506016224623, 0.035776954144239426] Thành Nam	3		2	1
78	2025-02-24 08:14:18.281762+00	37	[0.007847209461033344, 0.07244592159986496] Thành Nam	3		2	1
79	2025-02-24 08:14:18.281775+00	36	[0.022166036069393158, 0.056195326149463654] Thành Nam	3		2	1
80	2025-02-24 08:14:18.281788+00	35	[0.005201256368309259, 0.08799422532320023] Thành Nam	3		2	1
81	2025-02-24 08:14:18.281798+00	34	[0.00174495589453727, 0.04521116241812706] Thành Nam	3		2	1
82	2025-02-24 08:14:18.281808+00	33	[0.009920419193804264, 0.06780371069908142] Thành Nam	3		2	1
83	2025-02-24 08:14:18.281819+00	32	[0.04224952682852745, 0.09004789590835571] Thành Nam	3		2	1
84	2025-02-24 08:14:18.281847+00	31	[0.0025256280787289143, 0.05078033730387688] Thành Nam	3		2	1
85	2025-02-24 08:14:18.28186+00	30	[0.005676858127117157, 0.057154156267642975] Thành Nam	3		2	1
86	2025-02-24 08:14:18.28187+00	29	[0.0029713944531977177, 0.06279518455266953] Thành Nam	3		2	1
87	2025-02-24 08:14:18.28188+00	28	[0.007696577813476324, 0.05840757116675377] Thành Nam	3		2	1
88	2025-02-24 08:14:18.28189+00	27	[-0.010835324414074421, 0.07039356976747513] Thành Nam	3		2	1
89	2025-02-24 08:14:18.281901+00	26	[0.015681887045502663, 0.04812990128993988] Thành Nam	3		2	1
90	2025-02-24 08:14:18.281913+00	25	[0.007183706387877464, 0.05869001895189285] Thành Nam	3		2	1
91	2025-02-24 08:14:18.281923+00	24	[0.0053908945992589, 0.0633346438407898] Thành Nam	3		2	1
92	2025-02-24 08:14:18.281934+00	23	[-0.004242489114403725, 0.07182019203901291] Thành Nam	3		2	1
93	2025-02-24 08:14:18.281945+00	22	[0.030188340693712234, 0.06498842686414719] Thành Nam	3		2	1
94	2025-02-24 08:14:18.281955+00	21	[0.005030552390962839, 0.07860712707042694] Thành Nam	3		2	1
95	2025-02-24 08:14:18.281965+00	20	[0.01611028052866459, 0.07263937592506409] Thành Nam	3		2	1
96	2025-02-24 08:14:18.281976+00	19	[0.022864865139126778, 0.05135410651564598] Thành Nam	3		2	1
97	2025-02-24 08:14:18.281986+00	18	[-0.019587961956858635, 0.08234064280986786] Thành Nam	3		2	1
98	2025-02-24 08:14:18.281997+00	17	[0.0005653669941239059, 0.0424213632941246] Thành Nam	3		2	1
99	2025-02-24 08:14:18.282009+00	16	[0.022560840472579002, 0.028614550828933716] Tiến Luật	3		2	1
100	2025-02-24 08:14:18.282019+00	15	[0.0774896889925003, 0.033036477863788605] Tiến Luật	3		2	1
101	2025-02-24 08:14:18.28203+00	14	[-0.007898625917732716, 0.04587075486779213] Tiến Luật	3		2	1
102	2025-02-24 08:14:18.282042+00	13	[0.018262382596731186, 0.045381926000118256] Tiến Luật	3		2	1
103	2025-02-24 08:21:55.48829+00	91	[0.019455982372164726, -0.012261862866580486] Trung Hiếu 2	3		2	1
104	2025-02-24 08:21:55.488417+00	90	[0.012767137959599495, -0.008276277221739292] Trung Hiếu 2	3		2	1
105	2025-02-24 08:21:55.488435+00	89	[0.01464106235653162, -0.011053276248276234] Trung Hiếu 2	3		2	1
106	2025-02-24 08:21:55.488446+00	88	[0.016794824972748756, -0.009063509292900562] Trung Hiếu 2	3		2	1
107	2025-02-24 08:21:55.488457+00	87	[0.0068893348798155785, -0.02278228849172592] Trung Hiếu 2	3		2	1
108	2025-02-24 08:30:04.559779+00	96	[0.022329682484269142, -0.018128184601664543] Trung Hiếu 2	3		2	1
109	2025-02-24 08:30:04.559833+00	95	[0.027846410870552063, -0.020435813814401627] Trung Hiếu 2	3		2	1
110	2025-02-24 08:30:04.559851+00	94	[0.021524112671613693, -0.008424500934779644] Trung Hiếu 2	3		2	1
111	2025-02-24 08:30:04.559865+00	93	[0.03085857816040516, -0.013989266008138657] Trung Hiếu 2	3		2	1
112	2025-02-24 08:30:04.559877+00	92	[0.016373218968510628, -0.0589398518204689] Trung Hiếu 2	3		2	1
113	2025-02-24 14:22:06.727756+00	9	Trung Hiếu 2	3		4	1
114	2025-02-24 14:22:20.374452+00	9	No Student - Lớp Python - -1.0	3		8	1
115	2025-02-24 14:22:20.374483+00	8	No Student - Lớp AI 2025 - -1.0	3		8	1
116	2025-02-24 14:22:20.374496+00	7	No Student - Lớp OOP - 6.0	3		8	1
117	2025-02-24 14:22:20.374507+00	6	No Student - Lớp OOP - -1.0	3		8	1
118	2025-02-24 14:22:20.374517+00	5	No Student - Lớp Python - -1.0	3		8	1
119	2025-02-24 14:22:20.374527+00	4	No Student - Lớp Python - -1.0	3		8	1
120	2025-02-24 14:22:20.374536+00	3	No Student - Lớp AI 2025 - -1.0	3		8	1
121	2025-02-24 14:22:20.374545+00	2	No Student - Lớp AI 2025 - -1.0	3		8	1
122	2025-02-24 14:22:20.374555+00	1	No Student - Lớp AI 2025 - -1.0	3		8	1
123	2025-02-25 07:51:18.615306+00	22	Phạm Tiến Dũng	3		4	1
124	2025-02-25 07:51:18.615339+00	21	Cao Trung Hiếu	3		4	1
125	2025-02-26 06:34:48.731698+00	11	Ngầu 2	3		6	1
126	2025-02-26 06:34:48.731766+00	10	Ngầu	3		6	1
127	2025-02-26 08:37:44.699343+00	14	Demo 2	3		6	1
128	2025-02-26 08:37:44.699385+00	13	Demo	3		6	1
129	2025-02-26 08:37:44.699398+00	12	Demo	3		6	1
130	2025-02-26 08:37:44.699408+00	9	Ngầu	3		6	1
131	2025-02-26 08:37:44.699418+00	6	Lớp OOP2	3		6	1
132	2025-02-26 08:37:44.699427+00	5	Lớp OOP	3		6	1
133	2025-02-26 08:37:44.699436+00	4	Lớp Python	3		6	1
134	2025-02-26 08:37:44.699445+00	3	Lớp AI 2025	3		6	1
135	2025-02-26 08:37:51.236349+00	55	Phạm Tiến Dũng	3		1	1
136	2025-02-26 08:37:51.236385+00	54	Cao Trung Hiếu	3		1	1
137	2025-02-26 08:37:51.2364+00	53	Phạm Tiến Dũng	3		1	1
138	2025-02-26 08:37:51.236416+00	52	Cao Trung Hiếu	3		1	1
139	2025-02-26 08:37:51.236463+00	4	Thầy Hiếu	3		1	1
140	2025-02-26 08:37:56.342795+00	151	[0.016718419268727303, 0.015271742828190327] Cao Trung Hiếu	3		2	1
141	2025-02-26 08:37:56.342851+00	150	[0.015251691453158855, 0.016310593113303185] Cao Trung Hiếu	3		2	1
142	2025-02-26 08:37:56.342869+00	149	[0.015509996563196182, 0.016917023807764053] Cao Trung Hiếu	3		2	1
143	2025-02-26 08:37:56.34288+00	148	[0.017972933128476143, 0.020617611706256866] Cao Trung Hiếu	3		2	1
144	2025-02-26 08:37:56.342891+00	147	[0.019920852035284042, 0.01570933684706688] Cao Trung Hiếu	3		2	1
145	2025-02-26 08:37:56.342903+00	146	[0.019760804250836372, 0.011700110509991646] Trung Hiếu 2	3		2	1
146	2025-02-26 08:37:56.342915+00	145	[0.031017223373055458, -0.007846960797905922] Trung Hiếu 2	3		2	1
147	2025-02-26 08:37:56.34293+00	144	[0.021755658090114594, -0.04229062795639038] Trung Hiếu 2	3		2	1
148	2025-02-26 08:37:56.342942+00	143	[0.02242884784936905, -0.025286709889769554] Trung Hiếu 2	3		2	1
149	2025-02-26 08:37:56.342952+00	142	[0.029975412413477898, -0.034669455140829086] Trung Hiếu 2	3		2	1
150	2025-02-26 08:38:00.387325+00	18	2025-02-26 03:20:10.391869+00:00	3		3	1
151	2025-02-26 08:38:00.387361+00	17	2025-02-25 09:52:15.586523+00:00	3		3	1
152	2025-02-26 08:38:00.387374+00	16	2025-02-24 15:37:58.387214+00:00	3		3	1
153	2025-02-26 08:38:00.387387+00	15	2025-02-24 14:24:04.397461+00:00	3		3	1
154	2025-02-26 08:38:00.387398+00	14	2025-02-24 09:37:22.199983+00:00	3		3	1
155	2025-02-26 08:38:00.387409+00	13	2025-02-24 04:38:15.875705+00:00	3		3	1
156	2025-02-26 08:38:00.387419+00	4	2025-02-23 12:24:22.037006+00:00	3		3	1
157	2025-02-26 08:38:00.387429+00	3	2025-02-23 12:12:56.482617+00:00	3		3	1
158	2025-02-26 08:38:00.38744+00	2	2025-02-23 12:10:58.483108+00:00	3		3	1
159	2025-02-26 08:38:00.38745+00	1	2025-02-23 05:11:36.891359+00:00	3		3	1
160	2025-02-26 08:38:06.868757+00	31	No Student - No Classroom - -1.0	3		8	1
161	2025-02-26 08:38:06.868788+00	30	No Student - No Classroom - -1.0	3		8	1
162	2025-02-26 08:38:06.868801+00	29	No Student - No Classroom - -1.0	3		8	1
163	2025-02-26 08:38:06.868812+00	28	No Student - No Classroom - -1.0	3		8	1
164	2025-02-26 08:38:06.868821+00	27	No Student - No Classroom - -1.0	3		8	1
165	2025-02-26 08:38:06.868831+00	26	No Student - No Classroom - -1.0	3		8	1
166	2025-02-26 08:38:06.868841+00	25	No Student - No Classroom - -1.0	3		8	1
167	2025-02-26 08:38:06.86885+00	24	No Student - No Classroom - -1.0	3		8	1
168	2025-02-26 08:38:06.868864+00	23	No Student - No Classroom - -1.0	3		8	1
169	2025-02-26 08:38:06.868874+00	22	No Student - No Classroom - -1.0	3		8	1
170	2025-02-26 08:38:06.868892+00	21	No Student - No Classroom - -1.0	3		8	1
171	2025-02-26 08:38:06.868901+00	20	No Student - No Classroom - -1.0	3		8	1
172	2025-02-26 08:38:06.868911+00	19	No Student - No Classroom - -1.0	3		8	1
173	2025-02-26 08:38:06.86892+00	18	No Student - No Classroom - -1.0	3		8	1
174	2025-02-26 08:38:06.868929+00	17	No Student - No Classroom - -1.0	3		8	1
175	2025-02-26 08:38:06.86894+00	16	No Student - No Classroom - -1.0	3		8	1
176	2025-02-26 08:38:06.868951+00	15	No Student - No Classroom - -1.0	3		8	1
177	2025-02-26 08:38:06.868962+00	14	No Student - No Classroom - -1.0	3		8	1
178	2025-02-26 08:38:06.868975+00	13	No Student - No Classroom - -1.0	3		8	1
179	2025-02-26 08:38:06.868984+00	12	No Student - No Classroom - -1.0	3		8	1
180	2025-02-26 08:38:06.868994+00	11	No Student - No Classroom - 5.0	3		8	1
181	2025-02-26 08:38:06.869004+00	10	No Student - No Classroom - -1.0	3		8	1
\.


--
-- Data for Name: django_content_type; Type: TABLE DATA; Schema: public; Owner: myuser
--

COPY public.django_content_type (id, app_label, model) FROM stdin;
1	api	customuser
2	api	embeddingdata
3	api	faceauthlog
4	api	student
5	api	teacher
6	api	classroom
7	api	classsession
8	api	score
9	api	report
10	admin	logentry
11	auth	permission
12	auth	group
13	contenttypes	contenttype
14	sessions	session
\.


--
-- Data for Name: django_migrations; Type: TABLE DATA; Schema: public; Owner: myuser
--

COPY public.django_migrations (id, app, name, applied) FROM stdin;
1	contenttypes	0001_initial	2025-02-23 04:43:31.076248+00
2	contenttypes	0002_remove_content_type_name	2025-02-23 04:43:31.080554+00
3	auth	0001_initial	2025-02-23 04:43:31.115296+00
4	auth	0002_alter_permission_name_max_length	2025-02-23 04:43:31.12065+00
5	auth	0003_alter_user_email_max_length	2025-02-23 04:43:31.125238+00
6	auth	0004_alter_user_username_opts	2025-02-23 04:43:31.129089+00
7	auth	0005_alter_user_last_login_null	2025-02-23 04:43:31.134389+00
8	auth	0006_require_contenttypes_0002	2025-02-23 04:43:31.135745+00
9	auth	0007_alter_validators_add_error_messages	2025-02-23 04:43:31.140783+00
10	auth	0008_alter_user_username_max_length	2025-02-23 04:43:31.145777+00
11	auth	0009_alter_user_last_name_max_length	2025-02-23 04:43:31.150092+00
12	auth	0010_alter_group_name_max_length	2025-02-23 04:43:31.155534+00
13	auth	0011_update_proxy_permissions	2025-02-23 04:43:31.160923+00
14	auth	0012_alter_user_first_name_max_length	2025-02-23 04:43:31.166238+00
15	api	0001_initial	2025-02-23 04:43:31.385593+00
16	admin	0001_initial	2025-02-23 04:43:31.405262+00
17	admin	0002_logentry_remove_auto_add	2025-02-23 04:43:31.411909+00
18	admin	0003_logentry_add_action_flag_choices	2025-02-23 04:43:31.420399+00
19	sessions	0001_initial	2025-02-23 04:43:31.437525+00
20	api	0002_faceauthlog_class_session_alter_faceauthlog_student	2025-02-23 05:40:06.200592+00
\.


--
-- Data for Name: django_session; Type: TABLE DATA; Schema: public; Owner: myuser
--

COPY public.django_session (session_key, session_data, expire_date) FROM stdin;
fhemcaxbws0tyat4vunw81vdr2zyml0q	.eJxVjDsOwyAQBe9CHSHAfLwp0_sMaGEhOIlAMnYV5e4RkoukfTPz3szjsRd_9LT5ldiVSXb53QLGZ6oD0APrvfHY6r6tgQ-Fn7TzpVF63U7376BgL6NOKQonyUyTm8AiAaDSs4owS6OAkgIlotSOhIEMAWQwWdtsCI1TwbLPF9JaN1o:1tmV4q:CvX9xCuq3crLwhjFjVzrnyddfonpYQbhSTqEkR7R-EM	2025-03-10 09:48:40.377788+00
abmsxa2tozmdr4q0rn6za90ro53v83kc	.eJxVjMEOwiAQRP-FsyFQCi4evfsNZBcWqRpISnsy_rtt0oPeJvPezFsEXJcS1s5zmJK4CC1Ovx1hfHLdQXpgvTcZW13mieSuyIN2eWuJX9fD_Tso2Mu2VucMBh079jSQ8-DQGcwQszUZRuM1D7RlD5k1gclEFkalUnQqsbHi8wXqMjgb:1tmV5Y:WOoR2jzubd5R9w2z6LezPdbH6mu82pW-TBu6ffEMh54	2025-03-10 09:49:24.199489+00
e5tro8yvql2s02r77qi8bm6mvghjc6lb	.eJxVjMsOwiAQRf-FtSFQ3i7d-w2EYQapGkhKuzL-uzbpQrf3nHNfLKZtrXEbtMQZ2ZlJdvrdIOUHtR3gPbVb57m3dZmB7wo_6ODXjvS8HO7fQU2jfmvhTSAEH4QvoohJJRUklWyzV-AckkMPSoOR6EWwBEkra0qZNCgpBbD3B-LoN9U:1tmZLI:ORgIYgoghy6lQPevMR0wwbedtFYxrNwndHipMPzjPrY	2025-03-10 14:21:56.759616+00
9vqzpanc2m8n0nd885kc4zdx4pllbct9	.eJxVjEEOwiAQRe_C2hBmLIW6dN8zkBkYpGpoUtqV8e7apAvd_vfef6lA21rC1mQJU1IXBer0uzHFh9QdpDvV26zjXNdlYr0r-qBNj3OS5_Vw_w4KtfKtzwIOUyc9JR-JM0nEbMCiEeSByA3IZPuM3poE4jqDjBmE0TOIJfX-AAWZOJ4:1tmV8i:beFw0KaBRinAiSmCUnIpGcD3SXqxcHJo9C82WsDTmRE	2025-03-10 09:52:40.98431+00
uhbgr0tif2hag9boasasq8206ocbi0h5	.eJxVjDsOwjAQBe_iGlle_01JnzNYG6-NA8iR4qRC3J1ESgHtm5n3ZhG3tcat5yVOxK4M2OV3GzE9czsAPbDdZ57mti7TyA-Fn7TzYab8up3u30HFXvdag5IKhfFFCSrkQGE22kiJjqwwIgkAb4OVQcndIWetAS8hK20slMA-X6efNes:1tmVAE:ewCXxPVFIw_H48vRSkDSfG-VtfYJ4KN709vpK94cj3w	2025-03-10 09:54:14.530976+00
5cub9zggan2r8cgwtmcwk6zwrlvf60cd	.eJxVjDsOwjAQBe_iGlm217-lpOcM1vqHA8iR4qRC3B0ipYD2zcx7sUDb2sI2yhKmzM5MstPvFik9St9BvlO_zTzNfV2myHeFH3Tw65zL83K4fweNRvvWuiJkaUFiVMpjJIXee0VgpLPWaJEMaJ0xFVsMEFghqxXOO0ADKVX2_gComzZo:1tmVBi:bblsLcjC9pZ0wSXPFKYK2pt5ET0uR1RyUDC9sb4ao5I	2025-03-10 09:55:46.500368+00
oiykr184kakd67qe96tsyjqxfu9x3uzb	.eJxVjEEOwiAQRe_C2pBCCwwu3fcMZIahUjWQlHZlvLtt0oVu_3vvv0XAbc1ha2kJM4urUOLyuxHGZyoH4AeWe5WxlnWZSR6KPGmTY-X0up3u30HGlvcatVFR6c547QkGDeiMNQjkCL1XBBCB7QR972yPO4_MNKHHzg6KNIjPF7_sN0w:1tmVDJ:I5AEpq26EMmVMZlOccfTlv3IoucFZyj4aL7Vs7k2ozw	2025-03-10 09:57:25.293687+00
rsq83k7ivcq1ngg213amvyhofb78joht	.eJxVjEEOwiAQRe_C2pBCCwwu3fcMZIahUjWQlHZlvLtt0oVu_3vvv0XAbc1ha2kJM4urUOLyuxHGZyoH4AeWe5WxlnWZSR6KPGmTY-X0up3u30HGlvcatVFR6c547QkGDeiMNQjkCL1XBBCB7QR972yPO4_MNKHHzg6KNIjPF7_sN0w:1tmVHH:X7xTBJKUPGAAfG2JL-pPSRl1OseZ8vBSLeSkzWk2Wv8	2025-03-10 10:01:31.454043+00
kchmfeyntrl1x9e7v4n9c8dux6gyv3rh	.eJxVjEEOwiAQRe_C2pBCCwwu3fcMZIahUjWQlHZlvLtt0oVu_3vvv0XAbc1ha2kJM4urUOLyuxHGZyoH4AeWe5WxlnWZSR6KPGmTY-X0up3u30HGlvcatVFR6c547QkGDeiMNQjkCL1XBBCB7QR972yPO4_MNKHHzg6KNIjPF7_sN0w:1tmVHL:-Prap9m3LRhENu4_Adk7KiDbsBqfms8dgqRUe9lx7gM	2025-03-10 10:01:35.269778+00
m6uh48ht6kbt8hgp35562c9s2di9d2go	.eJxVjEsOwjAMBe-SNYrqpEpiluw5Q-TYLi2gROpnhbg7VOoCtm9m3stk2tYxb4vOeRJzNmBOv1shfmjdgdyp3prlVtd5KnZX7EEXe22iz8vh_h2MtIzfuogAJHWdIgor-D7G4DEC9Ck4UPboiIaEyUUNiNyxAJbBdyo9BzXvD9QJN7g:1tmTaM:Si40MCzDaHmgADRycsQt5vOCmrZTgKNV-kIPJaIu3QQ	2025-03-10 08:13:06.554752+00
vvo929cmxv94u9dlc3bp6icgrk4e0cwq	.eJxVjDkOwjAUBe_iGlneTSjpcwbrLzYOIEeKkwpxd4iUAto3M-8lEmxrTVvPS5pYXIQWp98NgR657YDv0G6zpLmty4RyV-RBuxxnzs_r4f4dVOj1Ww8BA1vjSJ8Rsi-aLBiDqhjSqigbPTOQ0jlE4gKgwVmO6HwEGIIL4v0B9fk4bg:1tmVIK:MH_8fkBBbOjaQouIxipkwXQC_4Rt6aXNa4KI_COMUR0	2025-03-10 10:02:36.55361+00
mi71u8h2mf1m3gegr1ypb99ej2cfcsrl	.eJxVjDEOwjAMRe-SGUVJSu2akZ0zRE7s0gJKpKadEHdHlTrA-t97_20ib-sUt6ZLnMVcDJnT75Y4P7XsQB5c7tXmWtZlTnZX7EGbvVXR1_Vw_w4mbtNej0F8cqiSfEcD0OgRhQjIi449ZHYOSEFZzgN2oUPsBxUADR7Fgfl8Ae2pN58:1tmUyP:Pkn-ePRaEx5W4n0vPPKDVQFz6GV3B2aPdPdXV_Ql_Sc	2025-03-10 09:42:01.749202+00
o8uabshj59p7ko0s27f12yhe89pqszof	.eJxVjEsOwjAMBe-SNYoalyQOS_Y9Q2XHLimgVOpnhbg7VOoCtm9m3sv0tK2l3xad-1HMxSRz-t2Y8kPrDuRO9TbZPNV1Htnuij3oYrtJ9Hk93L-DQkv51hgZAVuvg5zVcQRS9RAcK3h0mLy4oMLsmyYhUCDJwLmNOEBOhMm8P-lhOBg:1tmV2n:mS_9eTYVHfv4ZADAJsjpyE1xRTtNIX-0AlgKBfBmuVU	2025-03-10 09:46:33.740129+00
d1gatpp099s0wt7wqbjrmkznp9hi8472	.eJxVjDsOwjAQBe_iGlne-E9JzxmstXeNAyiW8qkQd4dIKaB9M_NeIuG2trQtPKeRxFlEcfrdMpYHTzugO063Lkuf1nnMclfkQRd57cTPy-H-HTRc2rdW2gAEUMpl8JUGdsVb4mgiAlRwRefBKpNRB8KgK3giC4G4ZqxslXh_AMjVN_M:1tmV3p:dS8A_wgJEOsaMR4uFUYe6LR0JAKb2wNI94MNd9BPptc	2025-03-10 09:47:37.95442+00
1orr9ebez2dqwkatsyxgz8ybgkj507yu	.eJxVjM0OwiAQhN-FsyGUHxc8eu8zkIVdpWogKe3J-O62SQ96mmS-b-YtIq5LiWvnOU4kLsKK02-XMD-57oAeWO9N5laXeUpyV-RBuxwb8et6uH8HBXvZ1hCcMZrOQOzBAwafmJPSmZAG9FtqlxEHMOCYDCI4AhtuGIxRFpT4fAHvqTgM:1tmYtP:XFOcL1Zc-qhiPQn9opVCQ9CWtp_qlWg5GUYjCmlVKSQ	2025-03-10 13:53:07.242402+00
zv2679b8icoon3a7yxj748dsjuyvvaml	.eJxVjEEOwiAQRe_C2hDoMHTi0r1nIAxDpWogKe3KeHdt0oVu_3vvv1SI21rC1vMSZlFn5dTpd-OYHrnuQO6x3ppOra7LzHpX9EG7vjbJz8vh_h2U2Mu3RgISlDyhd8AJBMQZtMhpgGiJjEHDNrEbxwTWG0-ThegHYuuJMav3B8xyNwI:1tmYwZ:VDpwKtv51BEM2-drN0TyrBF81hppOtX3Wd6K10njBss	2025-03-10 13:56:23.297209+00
9vi3ndu0r2wjqtlhe8jz2oz3pl4m4m6s	.eJxVjMsOwiAQRf-FtSFQ3i7d-w2EYQapGkhKuzL-uzbpQrf3nHNfLKZtrXEbtMQZ2ZlJdvrdIOUHtR3gPbVb57m3dZmB7wo_6ODXjvS8HO7fQU2jfmvhTSAEH4QvoohJJRUklWyzV-AckkMPSoOR6EWwBEkra0qZNCgpBbD3B-LoN9U:1tn7fV:e4npp589gZ1oZIFETdXXwLUdh4NPap_LVepd9stsn4k	2025-03-12 03:01:05.316324+00
afjaatrog25cvx2w4idbducih94nihel	.eJxVjMsOwiAQRf-FtSFQ3i7d-w2EYQapGkhKuzL-uzbpQrf3nHNfLKZtrXEbtMQZ2ZlJdvrdIOUHtR3gPbVb57m3dZmB7wo_6ODXjvS8HO7fQU2jfmvhTSAEH4QvoohJJRUklWyzV-AckkMPSoOR6EWwBEkra0qZNCgpBbD3B-LoN9U:1tnB0E:spNeWRdHPvXe8vk7Bv3Idw51C8ADwQfiUfYWIcNYwg8	2025-03-12 06:34:42.858425+00
0ytgmhfrtnjla0oy59lpigwts18e0md9	.eJxVjMsOwiAQRf-FtSFQ3i7d-w2EYQapGkhKuzL-uzbpQrf3nHNfLKZtrXEbtMQZ2ZlJdvrdIOUHtR3gPbVb57m3dZmB7wo_6ODXjvS8HO7fQU2jfmvhTSAEH4QvoohJJRUklWyzV-AckkMPSoOR6EWwBEkra0qZNCgpBbD3B-LoN9U:1tnCEq:NC6MtDfdwM9X2uSWdwBjhTHxELhs41lTPp_sTxXqU70	2025-03-12 07:53:52.075513+00
zbqhr0lyt39vndfm03vv72qe3rmv114d	.eJxVjMsOwiAQRf-FtSFQ3i7d-w2EYQapGkhKuzL-uzbpQrf3nHNfLKZtrXEbtMQZ2ZlJdvrdIOUHtR3gPbVb57m3dZmB7wo_6ODXjvS8HO7fQU2jfmvhTSAEH4QvoohJJRUklWyzV-AckkMPSoOR6EWwBEkra0qZNCgpBbD3B-LoN9U:1tnCWn:RuBEYwfix5h0V9pHkADC0nOzLOGCT4RHL2D5DpRW0Pg	2025-03-12 08:12:25.810933+00
\.


--
-- Data for Name: face_auth_logs; Type: TABLE DATA; Schema: public; Owner: myuser
--

COPY public.face_auth_logs (id, deleted_at, created_at, updated_at, image_data, is_valid, student_id, class_session_id) FROM stdin;
\.


--
-- Data for Name: reports; Type: TABLE DATA; Schema: public; Owner: myuser
--

COPY public.reports (id, deleted_at, created_at, updated_at, problem, log_face_id, student_id) FROM stdin;
\.


--
-- Data for Name: scores; Type: TABLE DATA; Schema: public; Owner: myuser
--

COPY public.scores (id, deleted_at, created_at, updated_at, score, classroom_id, student_id) FROM stdin;
\.


--
-- Name: api_classroom_id_seq; Type: SEQUENCE SET; Schema: public; Owner: myuser
--

SELECT pg_catalog.setval('public.api_classroom_id_seq', 14, true);


--
-- Name: api_classroom_students_id_seq; Type: SEQUENCE SET; Schema: public; Owner: myuser
--

SELECT pg_catalog.setval('public.api_classroom_students_id_seq', 28, true);


--
-- Name: api_classsession_id_seq; Type: SEQUENCE SET; Schema: public; Owner: myuser
--

SELECT pg_catalog.setval('public.api_classsession_id_seq', 17, true);


--
-- Name: api_customuser_groups_id_seq; Type: SEQUENCE SET; Schema: public; Owner: myuser
--

SELECT pg_catalog.setval('public.api_customuser_groups_id_seq', 1, false);


--
-- Name: api_customuser_id_seq; Type: SEQUENCE SET; Schema: public; Owner: myuser
--

SELECT pg_catalog.setval('public.api_customuser_id_seq', 55, true);


--
-- Name: api_customuser_user_permissions_id_seq; Type: SEQUENCE SET; Schema: public; Owner: myuser
--

SELECT pg_catalog.setval('public.api_customuser_user_permissions_id_seq', 1, false);


--
-- Name: api_embeddingdata_id_seq; Type: SEQUENCE SET; Schema: public; Owner: myuser
--

SELECT pg_catalog.setval('public.api_embeddingdata_id_seq', 151, true);


--
-- Name: auth_group_id_seq; Type: SEQUENCE SET; Schema: public; Owner: myuser
--

SELECT pg_catalog.setval('public.auth_group_id_seq', 1, false);


--
-- Name: auth_group_permissions_id_seq; Type: SEQUENCE SET; Schema: public; Owner: myuser
--

SELECT pg_catalog.setval('public.auth_group_permissions_id_seq', 1, false);


--
-- Name: auth_permission_id_seq; Type: SEQUENCE SET; Schema: public; Owner: myuser
--

SELECT pg_catalog.setval('public.auth_permission_id_seq', 56, true);


--
-- Name: django_admin_log_id_seq; Type: SEQUENCE SET; Schema: public; Owner: myuser
--

SELECT pg_catalog.setval('public.django_admin_log_id_seq', 181, true);


--
-- Name: django_content_type_id_seq; Type: SEQUENCE SET; Schema: public; Owner: myuser
--

SELECT pg_catalog.setval('public.django_content_type_id_seq', 14, true);


--
-- Name: django_migrations_id_seq; Type: SEQUENCE SET; Schema: public; Owner: myuser
--

SELECT pg_catalog.setval('public.django_migrations_id_seq', 20, true);


--
-- Name: face_auth_logs_id_seq; Type: SEQUENCE SET; Schema: public; Owner: myuser
--

SELECT pg_catalog.setval('public.face_auth_logs_id_seq', 18, true);


--
-- Name: reports_id_seq; Type: SEQUENCE SET; Schema: public; Owner: myuser
--

SELECT pg_catalog.setval('public.reports_id_seq', 1, false);


--
-- Name: scores_id_seq; Type: SEQUENCE SET; Schema: public; Owner: myuser
--

SELECT pg_catalog.setval('public.scores_id_seq', 31, true);


--
-- Name: api_classroom api_classroom_pkey; Type: CONSTRAINT; Schema: public; Owner: myuser
--

ALTER TABLE ONLY public.api_classroom
    ADD CONSTRAINT api_classroom_pkey PRIMARY KEY (id);


--
-- Name: api_classroom_students api_classroom_students_classroom_id_student_id_7b69656b_uniq; Type: CONSTRAINT; Schema: public; Owner: myuser
--

ALTER TABLE ONLY public.api_classroom_students
    ADD CONSTRAINT api_classroom_students_classroom_id_student_id_7b69656b_uniq UNIQUE (classroom_id, student_id);


--
-- Name: api_classroom_students api_classroom_students_pkey; Type: CONSTRAINT; Schema: public; Owner: myuser
--

ALTER TABLE ONLY public.api_classroom_students
    ADD CONSTRAINT api_classroom_students_pkey PRIMARY KEY (id);


--
-- Name: api_classsession api_classsession_pkey; Type: CONSTRAINT; Schema: public; Owner: myuser
--

ALTER TABLE ONLY public.api_classsession
    ADD CONSTRAINT api_classsession_pkey PRIMARY KEY (id);


--
-- Name: api_customuser_groups api_customuser_groups_customuser_id_group_id_d5b0c2ab_uniq; Type: CONSTRAINT; Schema: public; Owner: myuser
--

ALTER TABLE ONLY public.api_customuser_groups
    ADD CONSTRAINT api_customuser_groups_customuser_id_group_id_d5b0c2ab_uniq UNIQUE (customuser_id, group_id);


--
-- Name: api_customuser_groups api_customuser_groups_pkey; Type: CONSTRAINT; Schema: public; Owner: myuser
--

ALTER TABLE ONLY public.api_customuser_groups
    ADD CONSTRAINT api_customuser_groups_pkey PRIMARY KEY (id);


--
-- Name: api_customuser api_customuser_pkey; Type: CONSTRAINT; Schema: public; Owner: myuser
--

ALTER TABLE ONLY public.api_customuser
    ADD CONSTRAINT api_customuser_pkey PRIMARY KEY (id);


--
-- Name: api_customuser_user_permissions api_customuser_user_perm_customuser_id_permission_9deacd8d_uniq; Type: CONSTRAINT; Schema: public; Owner: myuser
--

ALTER TABLE ONLY public.api_customuser_user_permissions
    ADD CONSTRAINT api_customuser_user_perm_customuser_id_permission_9deacd8d_uniq UNIQUE (customuser_id, permission_id);


--
-- Name: api_customuser_user_permissions api_customuser_user_permissions_pkey; Type: CONSTRAINT; Schema: public; Owner: myuser
--

ALTER TABLE ONLY public.api_customuser_user_permissions
    ADD CONSTRAINT api_customuser_user_permissions_pkey PRIMARY KEY (id);


--
-- Name: api_customuser api_customuser_username_key; Type: CONSTRAINT; Schema: public; Owner: myuser
--

ALTER TABLE ONLY public.api_customuser
    ADD CONSTRAINT api_customuser_username_key UNIQUE (username);


--
-- Name: api_embeddingdata api_embeddingdata_pkey; Type: CONSTRAINT; Schema: public; Owner: myuser
--

ALTER TABLE ONLY public.api_embeddingdata
    ADD CONSTRAINT api_embeddingdata_pkey PRIMARY KEY (id);


--
-- Name: api_student api_student_pkey; Type: CONSTRAINT; Schema: public; Owner: myuser
--

ALTER TABLE ONLY public.api_student
    ADD CONSTRAINT api_student_pkey PRIMARY KEY (customuser_ptr_id);


--
-- Name: api_teacher api_teacher_pkey; Type: CONSTRAINT; Schema: public; Owner: myuser
--

ALTER TABLE ONLY public.api_teacher
    ADD CONSTRAINT api_teacher_pkey PRIMARY KEY (customuser_ptr_id);


--
-- Name: auth_group auth_group_name_key; Type: CONSTRAINT; Schema: public; Owner: myuser
--

ALTER TABLE ONLY public.auth_group
    ADD CONSTRAINT auth_group_name_key UNIQUE (name);


--
-- Name: auth_group_permissions auth_group_permissions_group_id_permission_id_0cd325b0_uniq; Type: CONSTRAINT; Schema: public; Owner: myuser
--

ALTER TABLE ONLY public.auth_group_permissions
    ADD CONSTRAINT auth_group_permissions_group_id_permission_id_0cd325b0_uniq UNIQUE (group_id, permission_id);


--
-- Name: auth_group_permissions auth_group_permissions_pkey; Type: CONSTRAINT; Schema: public; Owner: myuser
--

ALTER TABLE ONLY public.auth_group_permissions
    ADD CONSTRAINT auth_group_permissions_pkey PRIMARY KEY (id);


--
-- Name: auth_group auth_group_pkey; Type: CONSTRAINT; Schema: public; Owner: myuser
--

ALTER TABLE ONLY public.auth_group
    ADD CONSTRAINT auth_group_pkey PRIMARY KEY (id);


--
-- Name: auth_permission auth_permission_content_type_id_codename_01ab375a_uniq; Type: CONSTRAINT; Schema: public; Owner: myuser
--

ALTER TABLE ONLY public.auth_permission
    ADD CONSTRAINT auth_permission_content_type_id_codename_01ab375a_uniq UNIQUE (content_type_id, codename);


--
-- Name: auth_permission auth_permission_pkey; Type: CONSTRAINT; Schema: public; Owner: myuser
--

ALTER TABLE ONLY public.auth_permission
    ADD CONSTRAINT auth_permission_pkey PRIMARY KEY (id);


--
-- Name: django_admin_log django_admin_log_pkey; Type: CONSTRAINT; Schema: public; Owner: myuser
--

ALTER TABLE ONLY public.django_admin_log
    ADD CONSTRAINT django_admin_log_pkey PRIMARY KEY (id);


--
-- Name: django_content_type django_content_type_app_label_model_76bd3d3b_uniq; Type: CONSTRAINT; Schema: public; Owner: myuser
--

ALTER TABLE ONLY public.django_content_type
    ADD CONSTRAINT django_content_type_app_label_model_76bd3d3b_uniq UNIQUE (app_label, model);


--
-- Name: django_content_type django_content_type_pkey; Type: CONSTRAINT; Schema: public; Owner: myuser
--

ALTER TABLE ONLY public.django_content_type
    ADD CONSTRAINT django_content_type_pkey PRIMARY KEY (id);


--
-- Name: django_migrations django_migrations_pkey; Type: CONSTRAINT; Schema: public; Owner: myuser
--

ALTER TABLE ONLY public.django_migrations
    ADD CONSTRAINT django_migrations_pkey PRIMARY KEY (id);


--
-- Name: django_session django_session_pkey; Type: CONSTRAINT; Schema: public; Owner: myuser
--

ALTER TABLE ONLY public.django_session
    ADD CONSTRAINT django_session_pkey PRIMARY KEY (session_key);


--
-- Name: face_auth_logs face_auth_logs_pkey; Type: CONSTRAINT; Schema: public; Owner: myuser
--

ALTER TABLE ONLY public.face_auth_logs
    ADD CONSTRAINT face_auth_logs_pkey PRIMARY KEY (id);


--
-- Name: reports reports_pkey; Type: CONSTRAINT; Schema: public; Owner: myuser
--

ALTER TABLE ONLY public.reports
    ADD CONSTRAINT reports_pkey PRIMARY KEY (id);


--
-- Name: scores scores_pkey; Type: CONSTRAINT; Schema: public; Owner: myuser
--

ALTER TABLE ONLY public.scores
    ADD CONSTRAINT scores_pkey PRIMARY KEY (id);


--
-- Name: api_classroom_students_classroom_id_93cdc9b3; Type: INDEX; Schema: public; Owner: myuser
--

CREATE INDEX api_classroom_students_classroom_id_93cdc9b3 ON public.api_classroom_students USING btree (classroom_id);


--
-- Name: api_classroom_students_student_id_e1775c99; Type: INDEX; Schema: public; Owner: myuser
--

CREATE INDEX api_classroom_students_student_id_e1775c99 ON public.api_classroom_students USING btree (student_id);


--
-- Name: api_classroom_teacher_id_c88d6500; Type: INDEX; Schema: public; Owner: myuser
--

CREATE INDEX api_classroom_teacher_id_c88d6500 ON public.api_classroom USING btree (teacher_id);


--
-- Name: api_classsession_classroom_id_e8cf176e; Type: INDEX; Schema: public; Owner: myuser
--

CREATE INDEX api_classsession_classroom_id_e8cf176e ON public.api_classsession USING btree (classroom_id);


--
-- Name: api_customuser_groups_customuser_id_9eb4b783; Type: INDEX; Schema: public; Owner: myuser
--

CREATE INDEX api_customuser_groups_customuser_id_9eb4b783 ON public.api_customuser_groups USING btree (customuser_id);


--
-- Name: api_customuser_groups_group_id_f049027c; Type: INDEX; Schema: public; Owner: myuser
--

CREATE INDEX api_customuser_groups_group_id_f049027c ON public.api_customuser_groups USING btree (group_id);


--
-- Name: api_customuser_user_permissions_customuser_id_5365c9ba; Type: INDEX; Schema: public; Owner: myuser
--

CREATE INDEX api_customuser_user_permissions_customuser_id_5365c9ba ON public.api_customuser_user_permissions USING btree (customuser_id);


--
-- Name: api_customuser_user_permissions_permission_id_8735d73e; Type: INDEX; Schema: public; Owner: myuser
--

CREATE INDEX api_customuser_user_permissions_permission_id_8735d73e ON public.api_customuser_user_permissions USING btree (permission_id);


--
-- Name: api_customuser_username_f5ae5d7f_like; Type: INDEX; Schema: public; Owner: myuser
--

CREATE INDEX api_customuser_username_f5ae5d7f_like ON public.api_customuser USING btree (username varchar_pattern_ops);


--
-- Name: auth_group_name_a6ea08ec_like; Type: INDEX; Schema: public; Owner: myuser
--

CREATE INDEX auth_group_name_a6ea08ec_like ON public.auth_group USING btree (name varchar_pattern_ops);


--
-- Name: auth_group_permissions_group_id_b120cbf9; Type: INDEX; Schema: public; Owner: myuser
--

CREATE INDEX auth_group_permissions_group_id_b120cbf9 ON public.auth_group_permissions USING btree (group_id);


--
-- Name: auth_group_permissions_permission_id_84c5c92e; Type: INDEX; Schema: public; Owner: myuser
--

CREATE INDEX auth_group_permissions_permission_id_84c5c92e ON public.auth_group_permissions USING btree (permission_id);


--
-- Name: auth_permission_content_type_id_2f476e4b; Type: INDEX; Schema: public; Owner: myuser
--

CREATE INDEX auth_permission_content_type_id_2f476e4b ON public.auth_permission USING btree (content_type_id);


--
-- Name: django_admin_log_content_type_id_c4bce8eb; Type: INDEX; Schema: public; Owner: myuser
--

CREATE INDEX django_admin_log_content_type_id_c4bce8eb ON public.django_admin_log USING btree (content_type_id);


--
-- Name: django_admin_log_user_id_c564eba6; Type: INDEX; Schema: public; Owner: myuser
--

CREATE INDEX django_admin_log_user_id_c564eba6 ON public.django_admin_log USING btree (user_id);


--
-- Name: django_session_expire_date_a5c62663; Type: INDEX; Schema: public; Owner: myuser
--

CREATE INDEX django_session_expire_date_a5c62663 ON public.django_session USING btree (expire_date);


--
-- Name: django_session_session_key_c0390e0f_like; Type: INDEX; Schema: public; Owner: myuser
--

CREATE INDEX django_session_session_key_c0390e0f_like ON public.django_session USING btree (session_key varchar_pattern_ops);


--
-- Name: face_auth_logs_class_session_id_ee07aba5; Type: INDEX; Schema: public; Owner: myuser
--

CREATE INDEX face_auth_logs_class_session_id_ee07aba5 ON public.face_auth_logs USING btree (class_session_id);


--
-- Name: face_auth_logs_student_id_eafbf3dd; Type: INDEX; Schema: public; Owner: myuser
--

CREATE INDEX face_auth_logs_student_id_eafbf3dd ON public.face_auth_logs USING btree (student_id);


--
-- Name: reports_log_face_id_fb1c8f93; Type: INDEX; Schema: public; Owner: myuser
--

CREATE INDEX reports_log_face_id_fb1c8f93 ON public.reports USING btree (log_face_id);


--
-- Name: reports_student_id_a1a41068; Type: INDEX; Schema: public; Owner: myuser
--

CREATE INDEX reports_student_id_a1a41068 ON public.reports USING btree (student_id);


--
-- Name: scores_classroom_id_7bdf6876; Type: INDEX; Schema: public; Owner: myuser
--

CREATE INDEX scores_classroom_id_7bdf6876 ON public.scores USING btree (classroom_id);


--
-- Name: scores_student_id_dfd8f885; Type: INDEX; Schema: public; Owner: myuser
--

CREATE INDEX scores_student_id_dfd8f885 ON public.scores USING btree (student_id);


--
-- Name: api_classroom_students api_classroom_studen_classroom_id_93cdc9b3_fk_api_class; Type: FK CONSTRAINT; Schema: public; Owner: myuser
--

ALTER TABLE ONLY public.api_classroom_students
    ADD CONSTRAINT api_classroom_studen_classroom_id_93cdc9b3_fk_api_class FOREIGN KEY (classroom_id) REFERENCES public.api_classroom(id) DEFERRABLE INITIALLY DEFERRED;


--
-- Name: api_classroom_students api_classroom_studen_student_id_e1775c99_fk_api_stude; Type: FK CONSTRAINT; Schema: public; Owner: myuser
--

ALTER TABLE ONLY public.api_classroom_students
    ADD CONSTRAINT api_classroom_studen_student_id_e1775c99_fk_api_stude FOREIGN KEY (student_id) REFERENCES public.api_student(customuser_ptr_id) DEFERRABLE INITIALLY DEFERRED;


--
-- Name: api_classroom api_classroom_teacher_id_c88d6500_fk_api_customuser_id; Type: FK CONSTRAINT; Schema: public; Owner: myuser
--

ALTER TABLE ONLY public.api_classroom
    ADD CONSTRAINT api_classroom_teacher_id_c88d6500_fk_api_customuser_id FOREIGN KEY (teacher_id) REFERENCES public.api_customuser(id) DEFERRABLE INITIALLY DEFERRED;


--
-- Name: api_classsession api_classsession_classroom_id_e8cf176e_fk_api_classroom_id; Type: FK CONSTRAINT; Schema: public; Owner: myuser
--

ALTER TABLE ONLY public.api_classsession
    ADD CONSTRAINT api_classsession_classroom_id_e8cf176e_fk_api_classroom_id FOREIGN KEY (classroom_id) REFERENCES public.api_classroom(id) DEFERRABLE INITIALLY DEFERRED;


--
-- Name: api_customuser_groups api_customuser_group_customuser_id_9eb4b783_fk_api_custo; Type: FK CONSTRAINT; Schema: public; Owner: myuser
--

ALTER TABLE ONLY public.api_customuser_groups
    ADD CONSTRAINT api_customuser_group_customuser_id_9eb4b783_fk_api_custo FOREIGN KEY (customuser_id) REFERENCES public.api_customuser(id) DEFERRABLE INITIALLY DEFERRED;


--
-- Name: api_customuser_groups api_customuser_groups_group_id_f049027c_fk_auth_group_id; Type: FK CONSTRAINT; Schema: public; Owner: myuser
--

ALTER TABLE ONLY public.api_customuser_groups
    ADD CONSTRAINT api_customuser_groups_group_id_f049027c_fk_auth_group_id FOREIGN KEY (group_id) REFERENCES public.auth_group(id) DEFERRABLE INITIALLY DEFERRED;


--
-- Name: api_customuser_user_permissions api_customuser_user__customuser_id_5365c9ba_fk_api_custo; Type: FK CONSTRAINT; Schema: public; Owner: myuser
--

ALTER TABLE ONLY public.api_customuser_user_permissions
    ADD CONSTRAINT api_customuser_user__customuser_id_5365c9ba_fk_api_custo FOREIGN KEY (customuser_id) REFERENCES public.api_customuser(id) DEFERRABLE INITIALLY DEFERRED;


--
-- Name: api_customuser_user_permissions api_customuser_user__permission_id_8735d73e_fk_auth_perm; Type: FK CONSTRAINT; Schema: public; Owner: myuser
--

ALTER TABLE ONLY public.api_customuser_user_permissions
    ADD CONSTRAINT api_customuser_user__permission_id_8735d73e_fk_auth_perm FOREIGN KEY (permission_id) REFERENCES public.auth_permission(id) DEFERRABLE INITIALLY DEFERRED;


--
-- Name: api_student api_student_customuser_ptr_id_68d58a0b_fk_api_customuser_id; Type: FK CONSTRAINT; Schema: public; Owner: myuser
--

ALTER TABLE ONLY public.api_student
    ADD CONSTRAINT api_student_customuser_ptr_id_68d58a0b_fk_api_customuser_id FOREIGN KEY (customuser_ptr_id) REFERENCES public.api_customuser(id) DEFERRABLE INITIALLY DEFERRED;


--
-- Name: api_teacher api_teacher_customuser_ptr_id_fe783788_fk_api_customuser_id; Type: FK CONSTRAINT; Schema: public; Owner: myuser
--

ALTER TABLE ONLY public.api_teacher
    ADD CONSTRAINT api_teacher_customuser_ptr_id_fe783788_fk_api_customuser_id FOREIGN KEY (customuser_ptr_id) REFERENCES public.api_customuser(id) DEFERRABLE INITIALLY DEFERRED;


--
-- Name: auth_group_permissions auth_group_permissio_permission_id_84c5c92e_fk_auth_perm; Type: FK CONSTRAINT; Schema: public; Owner: myuser
--

ALTER TABLE ONLY public.auth_group_permissions
    ADD CONSTRAINT auth_group_permissio_permission_id_84c5c92e_fk_auth_perm FOREIGN KEY (permission_id) REFERENCES public.auth_permission(id) DEFERRABLE INITIALLY DEFERRED;


--
-- Name: auth_group_permissions auth_group_permissions_group_id_b120cbf9_fk_auth_group_id; Type: FK CONSTRAINT; Schema: public; Owner: myuser
--

ALTER TABLE ONLY public.auth_group_permissions
    ADD CONSTRAINT auth_group_permissions_group_id_b120cbf9_fk_auth_group_id FOREIGN KEY (group_id) REFERENCES public.auth_group(id) DEFERRABLE INITIALLY DEFERRED;


--
-- Name: auth_permission auth_permission_content_type_id_2f476e4b_fk_django_co; Type: FK CONSTRAINT; Schema: public; Owner: myuser
--

ALTER TABLE ONLY public.auth_permission
    ADD CONSTRAINT auth_permission_content_type_id_2f476e4b_fk_django_co FOREIGN KEY (content_type_id) REFERENCES public.django_content_type(id) DEFERRABLE INITIALLY DEFERRED;


--
-- Name: django_admin_log django_admin_log_content_type_id_c4bce8eb_fk_django_co; Type: FK CONSTRAINT; Schema: public; Owner: myuser
--

ALTER TABLE ONLY public.django_admin_log
    ADD CONSTRAINT django_admin_log_content_type_id_c4bce8eb_fk_django_co FOREIGN KEY (content_type_id) REFERENCES public.django_content_type(id) DEFERRABLE INITIALLY DEFERRED;


--
-- Name: django_admin_log django_admin_log_user_id_c564eba6_fk_api_customuser_id; Type: FK CONSTRAINT; Schema: public; Owner: myuser
--

ALTER TABLE ONLY public.django_admin_log
    ADD CONSTRAINT django_admin_log_user_id_c564eba6_fk_api_customuser_id FOREIGN KEY (user_id) REFERENCES public.api_customuser(id) DEFERRABLE INITIALLY DEFERRED;


--
-- Name: face_auth_logs face_auth_logs_class_session_id_ee07aba5_fk_api_classsession_id; Type: FK CONSTRAINT; Schema: public; Owner: myuser
--

ALTER TABLE ONLY public.face_auth_logs
    ADD CONSTRAINT face_auth_logs_class_session_id_ee07aba5_fk_api_classsession_id FOREIGN KEY (class_session_id) REFERENCES public.api_classsession(id) DEFERRABLE INITIALLY DEFERRED;


--
-- Name: face_auth_logs face_auth_logs_student_id_eafbf3dd_fk_api_stude; Type: FK CONSTRAINT; Schema: public; Owner: myuser
--

ALTER TABLE ONLY public.face_auth_logs
    ADD CONSTRAINT face_auth_logs_student_id_eafbf3dd_fk_api_stude FOREIGN KEY (student_id) REFERENCES public.api_student(customuser_ptr_id) DEFERRABLE INITIALLY DEFERRED;


--
-- Name: reports reports_log_face_id_fb1c8f93_fk_face_auth_logs_id; Type: FK CONSTRAINT; Schema: public; Owner: myuser
--

ALTER TABLE ONLY public.reports
    ADD CONSTRAINT reports_log_face_id_fb1c8f93_fk_face_auth_logs_id FOREIGN KEY (log_face_id) REFERENCES public.face_auth_logs(id) DEFERRABLE INITIALLY DEFERRED;


--
-- Name: reports reports_student_id_a1a41068_fk_api_student_customuser_ptr_id; Type: FK CONSTRAINT; Schema: public; Owner: myuser
--

ALTER TABLE ONLY public.reports
    ADD CONSTRAINT reports_student_id_a1a41068_fk_api_student_customuser_ptr_id FOREIGN KEY (student_id) REFERENCES public.api_student(customuser_ptr_id) DEFERRABLE INITIALLY DEFERRED;


--
-- Name: scores scores_classroom_id_7bdf6876_fk_api_classroom_id; Type: FK CONSTRAINT; Schema: public; Owner: myuser
--

ALTER TABLE ONLY public.scores
    ADD CONSTRAINT scores_classroom_id_7bdf6876_fk_api_classroom_id FOREIGN KEY (classroom_id) REFERENCES public.api_classroom(id) DEFERRABLE INITIALLY DEFERRED;


--
-- Name: scores scores_student_id_dfd8f885_fk_api_student_customuser_ptr_id; Type: FK CONSTRAINT; Schema: public; Owner: myuser
--

ALTER TABLE ONLY public.scores
    ADD CONSTRAINT scores_student_id_dfd8f885_fk_api_student_customuser_ptr_id FOREIGN KEY (student_id) REFERENCES public.api_student(customuser_ptr_id) DEFERRABLE INITIALLY DEFERRED;


--
-- PostgreSQL database dump complete
--

