--
-- PostgreSQL database dump
--

-- Dumped from database version 15.12 (Debian 15.12-1.pgdg120+1)
-- Dumped by pg_dump version 15.12 (Debian 15.12-1.pgdg120+1)

SET statement_timeout = 0;
SET lock_timeout = 0;
SET idle_in_transaction_session_timeout = 0;
SET client_encoding = 'UTF8';
SET standard_conforming_strings = on;
SELECT pg_catalog.set_config('search_path', '', false);
SET check_function_bodies = false;
SET xmloption = content;
SET client_min_messages = warning;
SET row_security = off;

SET default_tablespace = '';

SET default_table_access_method = heap;

--
-- Name: api_classroom; Type: TABLE; Schema: public; Owner: myuser
--

CREATE TABLE public.api_classroom (
    id bigint NOT NULL,
    deleted_at timestamp with time zone,
    created_at timestamp with time zone NOT NULL,
    updated_at timestamp with time zone NOT NULL,
    name character varying(255) NOT NULL,
    start_date timestamp with time zone,
    weeks integer NOT NULL,
    teacher_id bigint NOT NULL
);


ALTER TABLE public.api_classroom OWNER TO myuser;

--
-- Name: api_classroom_id_seq; Type: SEQUENCE; Schema: public; Owner: myuser
--

ALTER TABLE public.api_classroom ALTER COLUMN id ADD GENERATED BY DEFAULT AS IDENTITY (
    SEQUENCE NAME public.api_classroom_id_seq
    START WITH 1
    INCREMENT BY 1
    NO MINVALUE
    NO MAXVALUE
    CACHE 1
);


--
-- Name: api_classroom_students; Type: TABLE; Schema: public; Owner: myuser
--

CREATE TABLE public.api_classroom_students (
    id bigint NOT NULL,
    classroom_id bigint NOT NULL,
    student_id bigint NOT NULL
);


ALTER TABLE public.api_classroom_students OWNER TO myuser;

--
-- Name: api_classroom_students_id_seq; Type: SEQUENCE; Schema: public; Owner: myuser
--

ALTER TABLE public.api_classroom_students ALTER COLUMN id ADD GENERATED BY DEFAULT AS IDENTITY (
    SEQUENCE NAME public.api_classroom_students_id_seq
    START WITH 1
    INCREMENT BY 1
    NO MINVALUE
    NO MAXVALUE
    CACHE 1
);


--
-- Name: api_classsession; Type: TABLE; Schema: public; Owner: myuser
--

CREATE TABLE public.api_classsession (
    id bigint NOT NULL,
    deleted_at timestamp with time zone,
    created_at timestamp with time zone NOT NULL,
    updated_at timestamp with time zone NOT NULL,
    day_of_week integer NOT NULL,
    start_time time without time zone NOT NULL,
    end_time time without time zone NOT NULL,
    classroom_id bigint NOT NULL
);


ALTER TABLE public.api_classsession OWNER TO myuser;

--
-- Name: api_classsession_id_seq; Type: SEQUENCE; Schema: public; Owner: myuser
--

ALTER TABLE public.api_classsession ALTER COLUMN id ADD GENERATED BY DEFAULT AS IDENTITY (
    SEQUENCE NAME public.api_classsession_id_seq
    START WITH 1
    INCREMENT BY 1
    NO MINVALUE
    NO MAXVALUE
    CACHE 1
);


--
-- Name: api_customuser; Type: TABLE; Schema: public; Owner: myuser
--

CREATE TABLE public.api_customuser (
    id bigint NOT NULL,
    password character varying(128) NOT NULL,
    last_login timestamp with time zone,
    username character varying(255) NOT NULL,
    is_active boolean NOT NULL,
    is_staff boolean NOT NULL,
    is_superuser boolean NOT NULL,
    name character varying(255),
    gender character varying(1),
    phone_number character varying(15),
    dob date,
    face_auth boolean NOT NULL
);


ALTER TABLE public.api_customuser OWNER TO myuser;

--
-- Name: api_customuser_groups; Type: TABLE; Schema: public; Owner: myuser
--

CREATE TABLE public.api_customuser_groups (
    id bigint NOT NULL,
    customuser_id bigint NOT NULL,
    group_id integer NOT NULL
);


ALTER TABLE public.api_customuser_groups OWNER TO myuser;

--
-- Name: api_customuser_groups_id_seq; Type: SEQUENCE; Schema: public; Owner: myuser
--

ALTER TABLE public.api_customuser_groups ALTER COLUMN id ADD GENERATED BY DEFAULT AS IDENTITY (
    SEQUENCE NAME public.api_customuser_groups_id_seq
    START WITH 1
    INCREMENT BY 1
    NO MINVALUE
    NO MAXVALUE
    CACHE 1
);


--
-- Name: api_customuser_id_seq; Type: SEQUENCE; Schema: public; Owner: myuser
--

ALTER TABLE public.api_customuser ALTER COLUMN id ADD GENERATED BY DEFAULT AS IDENTITY (
    SEQUENCE NAME public.api_customuser_id_seq
    START WITH 1
    INCREMENT BY 1
    NO MINVALUE
    NO MAXVALUE
    CACHE 1
);


--
-- Name: api_customuser_user_permissions; Type: TABLE; Schema: public; Owner: myuser
--

CREATE TABLE public.api_customuser_user_permissions (
    id bigint NOT NULL,
    customuser_id bigint NOT NULL,
    permission_id integer NOT NULL
);


ALTER TABLE public.api_customuser_user_permissions OWNER TO myuser;

--
-- Name: api_customuser_user_permissions_id_seq; Type: SEQUENCE; Schema: public; Owner: myuser
--

ALTER TABLE public.api_customuser_user_permissions ALTER COLUMN id ADD GENERATED BY DEFAULT AS IDENTITY (
    SEQUENCE NAME public.api_customuser_user_permissions_id_seq
    START WITH 1
    INCREMENT BY 1
    NO MINVALUE
    NO MAXVALUE
    CACHE 1
);


--
-- Name: api_embeddingdata; Type: TABLE; Schema: public; Owner: myuser
--

CREATE TABLE public.api_embeddingdata (
    id bigint NOT NULL,
    embedding double precision[],
    label character varying(255)
);


ALTER TABLE public.api_embeddingdata OWNER TO myuser;

--
-- Name: api_embeddingdata_id_seq; Type: SEQUENCE; Schema: public; Owner: myuser
--

ALTER TABLE public.api_embeddingdata ALTER COLUMN id ADD GENERATED BY DEFAULT AS IDENTITY (
    SEQUENCE NAME public.api_embeddingdata_id_seq
    START WITH 1
    INCREMENT BY 1
    NO MINVALUE
    NO MAXVALUE
    CACHE 1
);


--
-- Name: api_student; Type: TABLE; Schema: public; Owner: myuser
--

CREATE TABLE public.api_student (
    customuser_ptr_id bigint NOT NULL
);


ALTER TABLE public.api_student OWNER TO myuser;

--
-- Name: api_teacher; Type: TABLE; Schema: public; Owner: myuser
--

CREATE TABLE public.api_teacher (
    customuser_ptr_id bigint NOT NULL
);


ALTER TABLE public.api_teacher OWNER TO myuser;

--
-- Name: auth_group; Type: TABLE; Schema: public; Owner: myuser
--

CREATE TABLE public.auth_group (
    id integer NOT NULL,
    name character varying(150) NOT NULL
);


ALTER TABLE public.auth_group OWNER TO myuser;

--
-- Name: auth_group_id_seq; Type: SEQUENCE; Schema: public; Owner: myuser
--

ALTER TABLE public.auth_group ALTER COLUMN id ADD GENERATED BY DEFAULT AS IDENTITY (
    SEQUENCE NAME public.auth_group_id_seq
    START WITH 1
    INCREMENT BY 1
    NO MINVALUE
    NO MAXVALUE
    CACHE 1
);


--
-- Name: auth_group_permissions; Type: TABLE; Schema: public; Owner: myuser
--

CREATE TABLE public.auth_group_permissions (
    id bigint NOT NULL,
    group_id integer NOT NULL,
    permission_id integer NOT NULL
);


ALTER TABLE public.auth_group_permissions OWNER TO myuser;

--
-- Name: auth_group_permissions_id_seq; Type: SEQUENCE; Schema: public; Owner: myuser
--

ALTER TABLE public.auth_group_permissions ALTER COLUMN id ADD GENERATED BY DEFAULT AS IDENTITY (
    SEQUENCE NAME public.auth_group_permissions_id_seq
    START WITH 1
    INCREMENT BY 1
    NO MINVALUE
    NO MAXVALUE
    CACHE 1
);


--
-- Name: auth_permission; Type: TABLE; Schema: public; Owner: myuser
--

CREATE TABLE public.auth_permission (
    id integer NOT NULL,
    name character varying(255) NOT NULL,
    content_type_id integer NOT NULL,
    codename character varying(100) NOT NULL
);


ALTER TABLE public.auth_permission OWNER TO myuser;

--
-- Name: auth_permission_id_seq; Type: SEQUENCE; Schema: public; Owner: myuser
--

ALTER TABLE public.auth_permission ALTER COLUMN id ADD GENERATED BY DEFAULT AS IDENTITY (
    SEQUENCE NAME public.auth_permission_id_seq
    START WITH 1
    INCREMENT BY 1
    NO MINVALUE
    NO MAXVALUE
    CACHE 1
);


--
-- Name: django_admin_log; Type: TABLE; Schema: public; Owner: myuser
--

CREATE TABLE public.django_admin_log (
    id integer NOT NULL,
    action_time timestamp with time zone NOT NULL,
    object_id text,
    object_repr character varying(200) NOT NULL,
    action_flag smallint NOT NULL,
    change_message text NOT NULL,
    content_type_id integer,
    user_id bigint NOT NULL,
    CONSTRAINT django_admin_log_action_flag_check CHECK ((action_flag >= 0))
);


ALTER TABLE public.django_admin_log OWNER TO myuser;

--
-- Name: django_admin_log_id_seq; Type: SEQUENCE; Schema: public; Owner: myuser
--

ALTER TABLE public.django_admin_log ALTER COLUMN id ADD GENERATED BY DEFAULT AS IDENTITY (
    SEQUENCE NAME public.django_admin_log_id_seq
    START WITH 1
    INCREMENT BY 1
    NO MINVALUE
    NO MAXVALUE
    CACHE 1
);


--
-- Name: django_content_type; Type: TABLE; Schema: public; Owner: myuser
--

CREATE TABLE public.django_content_type (
    id integer NOT NULL,
    app_label character varying(100) NOT NULL,
    model character varying(100) NOT NULL
);


ALTER TABLE public.django_content_type OWNER TO myuser;

--
-- Name: django_content_type_id_seq; Type: SEQUENCE; Schema: public; Owner: myuser
--

ALTER TABLE public.django_content_type ALTER COLUMN id ADD GENERATED BY DEFAULT AS IDENTITY (
    SEQUENCE NAME public.django_content_type_id_seq
    START WITH 1
    INCREMENT BY 1
    NO MINVALUE
    NO MAXVALUE
    CACHE 1
);


--
-- Name: django_migrations; Type: TABLE; Schema: public; Owner: myuser
--

CREATE TABLE public.django_migrations (
    id bigint NOT NULL,
    app character varying(255) NOT NULL,
    name character varying(255) NOT NULL,
    applied timestamp with time zone NOT NULL
);


ALTER TABLE public.django_migrations OWNER TO myuser;

--
-- Name: django_migrations_id_seq; Type: SEQUENCE; Schema: public; Owner: myuser
--

ALTER TABLE public.django_migrations ALTER COLUMN id ADD GENERATED BY DEFAULT AS IDENTITY (
    SEQUENCE NAME public.django_migrations_id_seq
    START WITH 1
    INCREMENT BY 1
    NO MINVALUE
    NO MAXVALUE
    CACHE 1
);


--
-- Name: django_session; Type: TABLE; Schema: public; Owner: myuser
--

CREATE TABLE public.django_session (
    session_key character varying(40) NOT NULL,
    session_data text NOT NULL,
    expire_date timestamp with time zone NOT NULL
);


ALTER TABLE public.django_session OWNER TO myuser;

--
-- Name: face_auth_logs; Type: TABLE; Schema: public; Owner: myuser
--

CREATE TABLE public.face_auth_logs (
    id bigint NOT NULL,
    deleted_at timestamp with time zone,
    created_at timestamp with time zone NOT NULL,
    updated_at timestamp with time zone NOT NULL,
    image_data bytea,
    is_valid boolean NOT NULL,
    comment character varying(10),
    class_session_id bigint,
    student_id bigint
);


ALTER TABLE public.face_auth_logs OWNER TO myuser;

--
-- Name: face_auth_logs_id_seq; Type: SEQUENCE; Schema: public; Owner: myuser
--

ALTER TABLE public.face_auth_logs ALTER COLUMN id ADD GENERATED BY DEFAULT AS IDENTITY (
    SEQUENCE NAME public.face_auth_logs_id_seq
    START WITH 1
    INCREMENT BY 1
    NO MINVALUE
    NO MAXVALUE
    CACHE 1
);


--
-- Name: reports; Type: TABLE; Schema: public; Owner: myuser
--

CREATE TABLE public.reports (
    id bigint NOT NULL,
    deleted_at timestamp with time zone,
    created_at timestamp with time zone NOT NULL,
    updated_at timestamp with time zone NOT NULL,
    problem text,
    log_face_id bigint NOT NULL,
    student_id bigint NOT NULL
);


ALTER TABLE public.reports OWNER TO myuser;

--
-- Name: reports_id_seq; Type: SEQUENCE; Schema: public; Owner: myuser
--

ALTER TABLE public.reports ALTER COLUMN id ADD GENERATED BY DEFAULT AS IDENTITY (
    SEQUENCE NAME public.reports_id_seq
    START WITH 1
    INCREMENT BY 1
    NO MINVALUE
    NO MAXVALUE
    CACHE 1
);


--
-- Name: scores; Type: TABLE; Schema: public; Owner: myuser
--

CREATE TABLE public.scores (
    id bigint NOT NULL,
    deleted_at timestamp with time zone,
    created_at timestamp with time zone NOT NULL,
    updated_at timestamp with time zone NOT NULL,
    score double precision NOT NULL,
    classroom_id bigint,
    student_id bigint
);


ALTER TABLE public.scores OWNER TO myuser;

--
-- Name: scores_id_seq; Type: SEQUENCE; Schema: public; Owner: myuser
--

ALTER TABLE public.scores ALTER COLUMN id ADD GENERATED BY DEFAULT AS IDENTITY (
    SEQUENCE NAME public.scores_id_seq
    START WITH 1
    INCREMENT BY 1
    NO MINVALUE
    NO MAXVALUE
    CACHE 1
);


--
-- Data for Name: api_classroom; Type: TABLE DATA; Schema: public; Owner: myuser
--

COPY public.api_classroom (id, deleted_at, created_at, updated_at, name, start_date, weeks, teacher_id) FROM stdin;
\.


--
-- Data for Name: api_classroom_students; Type: TABLE DATA; Schema: public; Owner: myuser
--

COPY public.api_classroom_students (id, classroom_id, student_id) FROM stdin;
\.


--
-- Data for Name: api_classsession; Type: TABLE DATA; Schema: public; Owner: myuser
--

COPY public.api_classsession (id, deleted_at, created_at, updated_at, day_of_week, start_time, end_time, classroom_id) FROM stdin;
\.


--
-- Data for Name: api_customuser; Type: TABLE DATA; Schema: public; Owner: myuser
--

COPY public.api_customuser (id, password, last_login, username, is_active, is_staff, is_superuser, name, gender, phone_number, dob, face_auth) FROM stdin;
1	pbkdf2_sha256$870000$U0HsxzOLC2j8yyqZvBNJoc$7Lqd/fHI1UJFGXkNOZbJU2T2P2ZY2UUH7XmEhJQIFDs=	\N	admin	t	t	t	\N	\N	\N	\N	f
\.


--
-- Data for Name: api_customuser_groups; Type: TABLE DATA; Schema: public; Owner: myuser
--

COPY public.api_customuser_groups (id, customuser_id, group_id) FROM stdin;
\.


--
-- Data for Name: api_customuser_user_permissions; Type: TABLE DATA; Schema: public; Owner: myuser
--

COPY public.api_customuser_user_permissions (id, customuser_id, permission_id) FROM stdin;
\.


--
-- Data for Name: api_embeddingdata; Type: TABLE DATA; Schema: public; Owner: myuser
--

COPY public.api_embeddingdata (id, embedding, label) FROM stdin;
\.


--
-- Data for Name: api_student; Type: TABLE DATA; Schema: public; Owner: myuser
--

COPY public.api_student (customuser_ptr_id) FROM stdin;
\.


--
-- Data for Name: api_teacher; Type: TABLE DATA; Schema: public; Owner: myuser
--

COPY public.api_teacher (customuser_ptr_id) FROM stdin;
\.


--
-- Data for Name: auth_group; Type: TABLE DATA; Schema: public; Owner: myuser
--

COPY public.auth_group (id, name) FROM stdin;
\.


--
-- Data for Name: auth_group_permissions; Type: TABLE DATA; Schema: public; Owner: myuser
--

COPY public.auth_group_permissions (id, group_id, permission_id) FROM stdin;
\.


--
-- Data for Name: auth_permission; Type: TABLE DATA; Schema: public; Owner: myuser
--

COPY public.auth_permission (id, name, content_type_id, codename) FROM stdin;
1	Can add custom user	1	add_customuser
2	Can change custom user	1	change_customuser
3	Can delete custom user	1	delete_customuser
4	Can view custom user	1	view_customuser
5	Can add embedding data	2	add_embeddingdata
6	Can change embedding data	2	change_embeddingdata
7	Can delete embedding data	2	delete_embeddingdata
8	Can view embedding data	2	view_embeddingdata
9	Can add student	3	add_student
10	Can change student	3	change_student
11	Can delete student	3	delete_student
12	Can view student	3	view_student
13	Can add teacher	4	add_teacher
14	Can change teacher	4	change_teacher
15	Can delete teacher	4	delete_teacher
16	Can view teacher	4	view_teacher
17	Can add classroom	5	add_classroom
18	Can change classroom	5	change_classroom
19	Can delete classroom	5	delete_classroom
20	Can view classroom	5	view_classroom
21	Can add class session	6	add_classsession
22	Can change class session	6	change_classsession
23	Can delete class session	6	delete_classsession
24	Can view class session	6	view_classsession
25	Can add face auth log	7	add_faceauthlog
26	Can change face auth log	7	change_faceauthlog
27	Can delete face auth log	7	delete_faceauthlog
28	Can view face auth log	7	view_faceauthlog
29	Can add score	8	add_score
30	Can change score	8	change_score
31	Can delete score	8	delete_score
32	Can view score	8	view_score
33	Can add report	9	add_report
34	Can change report	9	change_report
35	Can delete report	9	delete_report
36	Can view report	9	view_report
37	Can add log entry	10	add_logentry
38	Can change log entry	10	change_logentry
39	Can delete log entry	10	delete_logentry
40	Can view log entry	10	view_logentry
41	Can add permission	11	add_permission
42	Can change permission	11	change_permission
43	Can delete permission	11	delete_permission
44	Can view permission	11	view_permission
45	Can add group	12	add_group
46	Can change group	12	change_group
47	Can delete group	12	delete_group
48	Can view group	12	view_group
49	Can add content type	13	add_contenttype
50	Can change content type	13	change_contenttype
51	Can delete content type	13	delete_contenttype
52	Can view content type	13	view_contenttype
53	Can add session	14	add_session
54	Can change session	14	change_session
55	Can delete session	14	delete_session
56	Can view session	14	view_session
\.


--
-- Data for Name: django_admin_log; Type: TABLE DATA; Schema: public; Owner: myuser
--

COPY public.django_admin_log (id, action_time, object_id, object_repr, action_flag, change_message, content_type_id, user_id) FROM stdin;
\.


--
-- Data for Name: django_content_type; Type: TABLE DATA; Schema: public; Owner: myuser
--

COPY public.django_content_type (id, app_label, model) FROM stdin;
1	api	customuser
2	api	embeddingdata
3	api	student
4	api	teacher
5	api	classroom
6	api	classsession
7	api	faceauthlog
8	api	score
9	api	report
10	admin	logentry
11	auth	permission
12	auth	group
13	contenttypes	contenttype
14	sessions	session
\.


--
-- Data for Name: django_migrations; Type: TABLE DATA; Schema: public; Owner: myuser
--

COPY public.django_migrations (id, app, name, applied) FROM stdin;
1	contenttypes	0001_initial	2025-03-01 15:59:41.336407+00
2	contenttypes	0002_remove_content_type_name	2025-03-01 15:59:41.351717+00
3	auth	0001_initial	2025-03-01 15:59:41.429719+00
4	auth	0002_alter_permission_name_max_length	2025-03-01 15:59:41.439013+00
5	auth	0003_alter_user_email_max_length	2025-03-01 15:59:41.446354+00
6	auth	0004_alter_user_username_opts	2025-03-01 15:59:41.453878+00
7	auth	0005_alter_user_last_login_null	2025-03-01 15:59:41.465558+00
8	auth	0006_require_contenttypes_0002	2025-03-01 15:59:41.467907+00
9	auth	0007_alter_validators_add_error_messages	2025-03-01 15:59:41.47752+00
10	auth	0008_alter_user_username_max_length	2025-03-01 15:59:41.488436+00
11	auth	0009_alter_user_last_name_max_length	2025-03-01 15:59:41.498827+00
12	auth	0010_alter_group_name_max_length	2025-03-01 15:59:41.50925+00
13	auth	0011_update_proxy_permissions	2025-03-01 15:59:41.517614+00
14	auth	0012_alter_user_first_name_max_length	2025-03-01 15:59:41.52982+00
15	api	0001_initial	2025-03-01 15:59:41.828013+00
16	admin	0001_initial	2025-03-01 15:59:41.873378+00
17	admin	0002_logentry_remove_auto_add	2025-03-01 15:59:41.893735+00
18	admin	0003_logentry_add_action_flag_choices	2025-03-01 15:59:41.91449+00
19	sessions	0001_initial	2025-03-01 15:59:41.931955+00
\.


--
-- Data for Name: django_session; Type: TABLE DATA; Schema: public; Owner: myuser
--

COPY public.django_session (session_key, session_data, expire_date) FROM stdin;
\.


--
-- Data for Name: face_auth_logs; Type: TABLE DATA; Schema: public; Owner: myuser
--

COPY public.face_auth_logs (id, deleted_at, created_at, updated_at, image_data, is_valid, comment, class_session_id, student_id) FROM stdin;
\.


--
-- Data for Name: reports; Type: TABLE DATA; Schema: public; Owner: myuser
--

COPY public.reports (id, deleted_at, created_at, updated_at, problem, log_face_id, student_id) FROM stdin;
\.


--
-- Data for Name: scores; Type: TABLE DATA; Schema: public; Owner: myuser
--

COPY public.scores (id, deleted_at, created_at, updated_at, score, classroom_id, student_id) FROM stdin;
\.


--
-- Name: api_classroom_id_seq; Type: SEQUENCE SET; Schema: public; Owner: myuser
--

SELECT pg_catalog.setval('public.api_classroom_id_seq', 1, false);


--
-- Name: api_classroom_students_id_seq; Type: SEQUENCE SET; Schema: public; Owner: myuser
--

SELECT pg_catalog.setval('public.api_classroom_students_id_seq', 1, false);


--
-- Name: api_classsession_id_seq; Type: SEQUENCE SET; Schema: public; Owner: myuser
--

SELECT pg_catalog.setval('public.api_classsession_id_seq', 1, false);


--
-- Name: api_customuser_groups_id_seq; Type: SEQUENCE SET; Schema: public; Owner: myuser
--

SELECT pg_catalog.setval('public.api_customuser_groups_id_seq', 1, false);


--
-- Name: api_customuser_id_seq; Type: SEQUENCE SET; Schema: public; Owner: myuser
--

SELECT pg_catalog.setval('public.api_customuser_id_seq', 1, true);


--
-- Name: api_customuser_user_permissions_id_seq; Type: SEQUENCE SET; Schema: public; Owner: myuser
--

SELECT pg_catalog.setval('public.api_customuser_user_permissions_id_seq', 1, false);


--
-- Name: api_embeddingdata_id_seq; Type: SEQUENCE SET; Schema: public; Owner: myuser
--

SELECT pg_catalog.setval('public.api_embeddingdata_id_seq', 1, false);


--
-- Name: auth_group_id_seq; Type: SEQUENCE SET; Schema: public; Owner: myuser
--

SELECT pg_catalog.setval('public.auth_group_id_seq', 1, false);


--
-- Name: auth_group_permissions_id_seq; Type: SEQUENCE SET; Schema: public; Owner: myuser
--

SELECT pg_catalog.setval('public.auth_group_permissions_id_seq', 1, false);


--
-- Name: auth_permission_id_seq; Type: SEQUENCE SET; Schema: public; Owner: myuser
--

SELECT pg_catalog.setval('public.auth_permission_id_seq', 56, true);


--
-- Name: django_admin_log_id_seq; Type: SEQUENCE SET; Schema: public; Owner: myuser
--

SELECT pg_catalog.setval('public.django_admin_log_id_seq', 1, false);


--
-- Name: django_content_type_id_seq; Type: SEQUENCE SET; Schema: public; Owner: myuser
--

SELECT pg_catalog.setval('public.django_content_type_id_seq', 14, true);


--
-- Name: django_migrations_id_seq; Type: SEQUENCE SET; Schema: public; Owner: myuser
--

SELECT pg_catalog.setval('public.django_migrations_id_seq', 19, true);


--
-- Name: face_auth_logs_id_seq; Type: SEQUENCE SET; Schema: public; Owner: myuser
--

SELECT pg_catalog.setval('public.face_auth_logs_id_seq', 1, false);


--
-- Name: reports_id_seq; Type: SEQUENCE SET; Schema: public; Owner: myuser
--

SELECT pg_catalog.setval('public.reports_id_seq', 1, false);


--
-- Name: scores_id_seq; Type: SEQUENCE SET; Schema: public; Owner: myuser
--

SELECT pg_catalog.setval('public.scores_id_seq', 1, false);


--
-- Name: api_classroom api_classroom_pkey; Type: CONSTRAINT; Schema: public; Owner: myuser
--

ALTER TABLE ONLY public.api_classroom
    ADD CONSTRAINT api_classroom_pkey PRIMARY KEY (id);


--
-- Name: api_classroom_students api_classroom_students_classroom_id_student_id_7b69656b_uniq; Type: CONSTRAINT; Schema: public; Owner: myuser
--

ALTER TABLE ONLY public.api_classroom_students
    ADD CONSTRAINT api_classroom_students_classroom_id_student_id_7b69656b_uniq UNIQUE (classroom_id, student_id);


--
-- Name: api_classroom_students api_classroom_students_pkey; Type: CONSTRAINT; Schema: public; Owner: myuser
--

ALTER TABLE ONLY public.api_classroom_students
    ADD CONSTRAINT api_classroom_students_pkey PRIMARY KEY (id);


--
-- Name: api_classsession api_classsession_pkey; Type: CONSTRAINT; Schema: public; Owner: myuser
--

ALTER TABLE ONLY public.api_classsession
    ADD CONSTRAINT api_classsession_pkey PRIMARY KEY (id);


--
-- Name: api_customuser_groups api_customuser_groups_customuser_id_group_id_d5b0c2ab_uniq; Type: CONSTRAINT; Schema: public; Owner: myuser
--

ALTER TABLE ONLY public.api_customuser_groups
    ADD CONSTRAINT api_customuser_groups_customuser_id_group_id_d5b0c2ab_uniq UNIQUE (customuser_id, group_id);


--
-- Name: api_customuser_groups api_customuser_groups_pkey; Type: CONSTRAINT; Schema: public; Owner: myuser
--

ALTER TABLE ONLY public.api_customuser_groups
    ADD CONSTRAINT api_customuser_groups_pkey PRIMARY KEY (id);


--
-- Name: api_customuser api_customuser_pkey; Type: CONSTRAINT; Schema: public; Owner: myuser
--

ALTER TABLE ONLY public.api_customuser
    ADD CONSTRAINT api_customuser_pkey PRIMARY KEY (id);


--
-- Name: api_customuser_user_permissions api_customuser_user_perm_customuser_id_permission_9deacd8d_uniq; Type: CONSTRAINT; Schema: public; Owner: myuser
--

ALTER TABLE ONLY public.api_customuser_user_permissions
    ADD CONSTRAINT api_customuser_user_perm_customuser_id_permission_9deacd8d_uniq UNIQUE (customuser_id, permission_id);


--
-- Name: api_customuser_user_permissions api_customuser_user_permissions_pkey; Type: CONSTRAINT; Schema: public; Owner: myuser
--

ALTER TABLE ONLY public.api_customuser_user_permissions
    ADD CONSTRAINT api_customuser_user_permissions_pkey PRIMARY KEY (id);


--
-- Name: api_customuser api_customuser_username_key; Type: CONSTRAINT; Schema: public; Owner: myuser
--

ALTER TABLE ONLY public.api_customuser
    ADD CONSTRAINT api_customuser_username_key UNIQUE (username);


--
-- Name: api_embeddingdata api_embeddingdata_pkey; Type: CONSTRAINT; Schema: public; Owner: myuser
--

ALTER TABLE ONLY public.api_embeddingdata
    ADD CONSTRAINT api_embeddingdata_pkey PRIMARY KEY (id);


--
-- Name: api_student api_student_pkey; Type: CONSTRAINT; Schema: public; Owner: myuser
--

ALTER TABLE ONLY public.api_student
    ADD CONSTRAINT api_student_pkey PRIMARY KEY (customuser_ptr_id);


--
-- Name: api_teacher api_teacher_pkey; Type: CONSTRAINT; Schema: public; Owner: myuser
--

ALTER TABLE ONLY public.api_teacher
    ADD CONSTRAINT api_teacher_pkey PRIMARY KEY (customuser_ptr_id);


--
-- Name: auth_group auth_group_name_key; Type: CONSTRAINT; Schema: public; Owner: myuser
--

ALTER TABLE ONLY public.auth_group
    ADD CONSTRAINT auth_group_name_key UNIQUE (name);


--
-- Name: auth_group_permissions auth_group_permissions_group_id_permission_id_0cd325b0_uniq; Type: CONSTRAINT; Schema: public; Owner: myuser
--

ALTER TABLE ONLY public.auth_group_permissions
    ADD CONSTRAINT auth_group_permissions_group_id_permission_id_0cd325b0_uniq UNIQUE (group_id, permission_id);


--
-- Name: auth_group_permissions auth_group_permissions_pkey; Type: CONSTRAINT; Schema: public; Owner: myuser
--

ALTER TABLE ONLY public.auth_group_permissions
    ADD CONSTRAINT auth_group_permissions_pkey PRIMARY KEY (id);


--
-- Name: auth_group auth_group_pkey; Type: CONSTRAINT; Schema: public; Owner: myuser
--

ALTER TABLE ONLY public.auth_group
    ADD CONSTRAINT auth_group_pkey PRIMARY KEY (id);


--
-- Name: auth_permission auth_permission_content_type_id_codename_01ab375a_uniq; Type: CONSTRAINT; Schema: public; Owner: myuser
--

ALTER TABLE ONLY public.auth_permission
    ADD CONSTRAINT auth_permission_content_type_id_codename_01ab375a_uniq UNIQUE (content_type_id, codename);


--
-- Name: auth_permission auth_permission_pkey; Type: CONSTRAINT; Schema: public; Owner: myuser
--

ALTER TABLE ONLY public.auth_permission
    ADD CONSTRAINT auth_permission_pkey PRIMARY KEY (id);


--
-- Name: django_admin_log django_admin_log_pkey; Type: CONSTRAINT; Schema: public; Owner: myuser
--

ALTER TABLE ONLY public.django_admin_log
    ADD CONSTRAINT django_admin_log_pkey PRIMARY KEY (id);


--
-- Name: django_content_type django_content_type_app_label_model_76bd3d3b_uniq; Type: CONSTRAINT; Schema: public; Owner: myuser
--

ALTER TABLE ONLY public.django_content_type
    ADD CONSTRAINT django_content_type_app_label_model_76bd3d3b_uniq UNIQUE (app_label, model);


--
-- Name: django_content_type django_content_type_pkey; Type: CONSTRAINT; Schema: public; Owner: myuser
--

ALTER TABLE ONLY public.django_content_type
    ADD CONSTRAINT django_content_type_pkey PRIMARY KEY (id);


--
-- Name: django_migrations django_migrations_pkey; Type: CONSTRAINT; Schema: public; Owner: myuser
--

ALTER TABLE ONLY public.django_migrations
    ADD CONSTRAINT django_migrations_pkey PRIMARY KEY (id);


--
-- Name: django_session django_session_pkey; Type: CONSTRAINT; Schema: public; Owner: myuser
--

ALTER TABLE ONLY public.django_session
    ADD CONSTRAINT django_session_pkey PRIMARY KEY (session_key);


--
-- Name: face_auth_logs face_auth_logs_pkey; Type: CONSTRAINT; Schema: public; Owner: myuser
--

ALTER TABLE ONLY public.face_auth_logs
    ADD CONSTRAINT face_auth_logs_pkey PRIMARY KEY (id);


--
-- Name: reports reports_pkey; Type: CONSTRAINT; Schema: public; Owner: myuser
--

ALTER TABLE ONLY public.reports
    ADD CONSTRAINT reports_pkey PRIMARY KEY (id);


--
-- Name: scores scores_pkey; Type: CONSTRAINT; Schema: public; Owner: myuser
--

ALTER TABLE ONLY public.scores
    ADD CONSTRAINT scores_pkey PRIMARY KEY (id);


--
-- Name: api_classroom_students_classroom_id_93cdc9b3; Type: INDEX; Schema: public; Owner: myuser
--

CREATE INDEX api_classroom_students_classroom_id_93cdc9b3 ON public.api_classroom_students USING btree (classroom_id);


--
-- Name: api_classroom_students_student_id_e1775c99; Type: INDEX; Schema: public; Owner: myuser
--

CREATE INDEX api_classroom_students_student_id_e1775c99 ON public.api_classroom_students USING btree (student_id);


--
-- Name: api_classroom_teacher_id_c88d6500; Type: INDEX; Schema: public; Owner: myuser
--

CREATE INDEX api_classroom_teacher_id_c88d6500 ON public.api_classroom USING btree (teacher_id);


--
-- Name: api_classsession_classroom_id_e8cf176e; Type: INDEX; Schema: public; Owner: myuser
--

CREATE INDEX api_classsession_classroom_id_e8cf176e ON public.api_classsession USING btree (classroom_id);


--
-- Name: api_customuser_groups_customuser_id_9eb4b783; Type: INDEX; Schema: public; Owner: myuser
--

CREATE INDEX api_customuser_groups_customuser_id_9eb4b783 ON public.api_customuser_groups USING btree (customuser_id);


--
-- Name: api_customuser_groups_group_id_f049027c; Type: INDEX; Schema: public; Owner: myuser
--

CREATE INDEX api_customuser_groups_group_id_f049027c ON public.api_customuser_groups USING btree (group_id);


--
-- Name: api_customuser_user_permissions_customuser_id_5365c9ba; Type: INDEX; Schema: public; Owner: myuser
--

CREATE INDEX api_customuser_user_permissions_customuser_id_5365c9ba ON public.api_customuser_user_permissions USING btree (customuser_id);


--
-- Name: api_customuser_user_permissions_permission_id_8735d73e; Type: INDEX; Schema: public; Owner: myuser
--

CREATE INDEX api_customuser_user_permissions_permission_id_8735d73e ON public.api_customuser_user_permissions USING btree (permission_id);


--
-- Name: api_customuser_username_f5ae5d7f_like; Type: INDEX; Schema: public; Owner: myuser
--

CREATE INDEX api_customuser_username_f5ae5d7f_like ON public.api_customuser USING btree (username varchar_pattern_ops);


--
-- Name: auth_group_name_a6ea08ec_like; Type: INDEX; Schema: public; Owner: myuser
--

CREATE INDEX auth_group_name_a6ea08ec_like ON public.auth_group USING btree (name varchar_pattern_ops);


--
-- Name: auth_group_permissions_group_id_b120cbf9; Type: INDEX; Schema: public; Owner: myuser
--

CREATE INDEX auth_group_permissions_group_id_b120cbf9 ON public.auth_group_permissions USING btree (group_id);


--
-- Name: auth_group_permissions_permission_id_84c5c92e; Type: INDEX; Schema: public; Owner: myuser
--

CREATE INDEX auth_group_permissions_permission_id_84c5c92e ON public.auth_group_permissions USING btree (permission_id);


--
-- Name: auth_permission_content_type_id_2f476e4b; Type: INDEX; Schema: public; Owner: myuser
--

CREATE INDEX auth_permission_content_type_id_2f476e4b ON public.auth_permission USING btree (content_type_id);


--
-- Name: django_admin_log_content_type_id_c4bce8eb; Type: INDEX; Schema: public; Owner: myuser
--

CREATE INDEX django_admin_log_content_type_id_c4bce8eb ON public.django_admin_log USING btree (content_type_id);


--
-- Name: django_admin_log_user_id_c564eba6; Type: INDEX; Schema: public; Owner: myuser
--

CREATE INDEX django_admin_log_user_id_c564eba6 ON public.django_admin_log USING btree (user_id);


--
-- Name: django_session_expire_date_a5c62663; Type: INDEX; Schema: public; Owner: myuser
--

CREATE INDEX django_session_expire_date_a5c62663 ON public.django_session USING btree (expire_date);


--
-- Name: django_session_session_key_c0390e0f_like; Type: INDEX; Schema: public; Owner: myuser
--

CREATE INDEX django_session_session_key_c0390e0f_like ON public.django_session USING btree (session_key varchar_pattern_ops);


--
-- Name: face_auth_logs_class_session_id_ee07aba5; Type: INDEX; Schema: public; Owner: myuser
--

CREATE INDEX face_auth_logs_class_session_id_ee07aba5 ON public.face_auth_logs USING btree (class_session_id);


--
-- Name: face_auth_logs_student_id_eafbf3dd; Type: INDEX; Schema: public; Owner: myuser
--

CREATE INDEX face_auth_logs_student_id_eafbf3dd ON public.face_auth_logs USING btree (student_id);


--
-- Name: reports_log_face_id_fb1c8f93; Type: INDEX; Schema: public; Owner: myuser
--

CREATE INDEX reports_log_face_id_fb1c8f93 ON public.reports USING btree (log_face_id);


--
-- Name: reports_student_id_a1a41068; Type: INDEX; Schema: public; Owner: myuser
--

CREATE INDEX reports_student_id_a1a41068 ON public.reports USING btree (student_id);


--
-- Name: scores_classroom_id_7bdf6876; Type: INDEX; Schema: public; Owner: myuser
--

CREATE INDEX scores_classroom_id_7bdf6876 ON public.scores USING btree (classroom_id);


--
-- Name: scores_student_id_dfd8f885; Type: INDEX; Schema: public; Owner: myuser
--

CREATE INDEX scores_student_id_dfd8f885 ON public.scores USING btree (student_id);


--
-- Name: api_classroom_students api_classroom_studen_classroom_id_93cdc9b3_fk_api_class; Type: FK CONSTRAINT; Schema: public; Owner: myuser
--

ALTER TABLE ONLY public.api_classroom_students
    ADD CONSTRAINT api_classroom_studen_classroom_id_93cdc9b3_fk_api_class FOREIGN KEY (classroom_id) REFERENCES public.api_classroom(id) DEFERRABLE INITIALLY DEFERRED;


--
-- Name: api_classroom_students api_classroom_studen_student_id_e1775c99_fk_api_stude; Type: FK CONSTRAINT; Schema: public; Owner: myuser
--

ALTER TABLE ONLY public.api_classroom_students
    ADD CONSTRAINT api_classroom_studen_student_id_e1775c99_fk_api_stude FOREIGN KEY (student_id) REFERENCES public.api_student(customuser_ptr_id) DEFERRABLE INITIALLY DEFERRED;


--
-- Name: api_classroom api_classroom_teacher_id_c88d6500_fk_api_customuser_id; Type: FK CONSTRAINT; Schema: public; Owner: myuser
--

ALTER TABLE ONLY public.api_classroom
    ADD CONSTRAINT api_classroom_teacher_id_c88d6500_fk_api_customuser_id FOREIGN KEY (teacher_id) REFERENCES public.api_customuser(id) DEFERRABLE INITIALLY DEFERRED;


--
-- Name: api_classsession api_classsession_classroom_id_e8cf176e_fk_api_classroom_id; Type: FK CONSTRAINT; Schema: public; Owner: myuser
--

ALTER TABLE ONLY public.api_classsession
    ADD CONSTRAINT api_classsession_classroom_id_e8cf176e_fk_api_classroom_id FOREIGN KEY (classroom_id) REFERENCES public.api_classroom(id) DEFERRABLE INITIALLY DEFERRED;


--
-- Name: api_customuser_groups api_customuser_group_customuser_id_9eb4b783_fk_api_custo; Type: FK CONSTRAINT; Schema: public; Owner: myuser
--

ALTER TABLE ONLY public.api_customuser_groups
    ADD CONSTRAINT api_customuser_group_customuser_id_9eb4b783_fk_api_custo FOREIGN KEY (customuser_id) REFERENCES public.api_customuser(id) DEFERRABLE INITIALLY DEFERRED;


--
-- Name: api_customuser_groups api_customuser_groups_group_id_f049027c_fk_auth_group_id; Type: FK CONSTRAINT; Schema: public; Owner: myuser
--

ALTER TABLE ONLY public.api_customuser_groups
    ADD CONSTRAINT api_customuser_groups_group_id_f049027c_fk_auth_group_id FOREIGN KEY (group_id) REFERENCES public.auth_group(id) DEFERRABLE INITIALLY DEFERRED;


--
-- Name: api_customuser_user_permissions api_customuser_user__customuser_id_5365c9ba_fk_api_custo; Type: FK CONSTRAINT; Schema: public; Owner: myuser
--

ALTER TABLE ONLY public.api_customuser_user_permissions
    ADD CONSTRAINT api_customuser_user__customuser_id_5365c9ba_fk_api_custo FOREIGN KEY (customuser_id) REFERENCES public.api_customuser(id) DEFERRABLE INITIALLY DEFERRED;


--
-- Name: api_customuser_user_permissions api_customuser_user__permission_id_8735d73e_fk_auth_perm; Type: FK CONSTRAINT; Schema: public; Owner: myuser
--

ALTER TABLE ONLY public.api_customuser_user_permissions
    ADD CONSTRAINT api_customuser_user__permission_id_8735d73e_fk_auth_perm FOREIGN KEY (permission_id) REFERENCES public.auth_permission(id) DEFERRABLE INITIALLY DEFERRED;


--
-- Name: api_student api_student_customuser_ptr_id_68d58a0b_fk_api_customuser_id; Type: FK CONSTRAINT; Schema: public; Owner: myuser
--

ALTER TABLE ONLY public.api_student
    ADD CONSTRAINT api_student_customuser_ptr_id_68d58a0b_fk_api_customuser_id FOREIGN KEY (customuser_ptr_id) REFERENCES public.api_customuser(id) DEFERRABLE INITIALLY DEFERRED;


--
-- Name: api_teacher api_teacher_customuser_ptr_id_fe783788_fk_api_customuser_id; Type: FK CONSTRAINT; Schema: public; Owner: myuser
--

ALTER TABLE ONLY public.api_teacher
    ADD CONSTRAINT api_teacher_customuser_ptr_id_fe783788_fk_api_customuser_id FOREIGN KEY (customuser_ptr_id) REFERENCES public.api_customuser(id) DEFERRABLE INITIALLY DEFERRED;


--
-- Name: auth_group_permissions auth_group_permissio_permission_id_84c5c92e_fk_auth_perm; Type: FK CONSTRAINT; Schema: public; Owner: myuser
--

ALTER TABLE ONLY public.auth_group_permissions
    ADD CONSTRAINT auth_group_permissio_permission_id_84c5c92e_fk_auth_perm FOREIGN KEY (permission_id) REFERENCES public.auth_permission(id) DEFERRABLE INITIALLY DEFERRED;


--
-- Name: auth_group_permissions auth_group_permissions_group_id_b120cbf9_fk_auth_group_id; Type: FK CONSTRAINT; Schema: public; Owner: myuser
--

ALTER TABLE ONLY public.auth_group_permissions
    ADD CONSTRAINT auth_group_permissions_group_id_b120cbf9_fk_auth_group_id FOREIGN KEY (group_id) REFERENCES public.auth_group(id) DEFERRABLE INITIALLY DEFERRED;


--
-- Name: auth_permission auth_permission_content_type_id_2f476e4b_fk_django_co; Type: FK CONSTRAINT; Schema: public; Owner: myuser
--

ALTER TABLE ONLY public.auth_permission
    ADD CONSTRAINT auth_permission_content_type_id_2f476e4b_fk_django_co FOREIGN KEY (content_type_id) REFERENCES public.django_content_type(id) DEFERRABLE INITIALLY DEFERRED;


--
-- Name: django_admin_log django_admin_log_content_type_id_c4bce8eb_fk_django_co; Type: FK CONSTRAINT; Schema: public; Owner: myuser
--

ALTER TABLE ONLY public.django_admin_log
    ADD CONSTRAINT django_admin_log_content_type_id_c4bce8eb_fk_django_co FOREIGN KEY (content_type_id) REFERENCES public.django_content_type(id) DEFERRABLE INITIALLY DEFERRED;


--
-- Name: django_admin_log django_admin_log_user_id_c564eba6_fk_api_customuser_id; Type: FK CONSTRAINT; Schema: public; Owner: myuser
--

ALTER TABLE ONLY public.django_admin_log
    ADD CONSTRAINT django_admin_log_user_id_c564eba6_fk_api_customuser_id FOREIGN KEY (user_id) REFERENCES public.api_customuser(id) DEFERRABLE INITIALLY DEFERRED;


--
-- Name: face_auth_logs face_auth_logs_class_session_id_ee07aba5_fk_api_classsession_id; Type: FK CONSTRAINT; Schema: public; Owner: myuser
--

ALTER TABLE ONLY public.face_auth_logs
    ADD CONSTRAINT face_auth_logs_class_session_id_ee07aba5_fk_api_classsession_id FOREIGN KEY (class_session_id) REFERENCES public.api_classsession(id) DEFERRABLE INITIALLY DEFERRED;


--
-- Name: face_auth_logs face_auth_logs_student_id_eafbf3dd_fk_api_stude; Type: FK CONSTRAINT; Schema: public; Owner: myuser
--

ALTER TABLE ONLY public.face_auth_logs
    ADD CONSTRAINT face_auth_logs_student_id_eafbf3dd_fk_api_stude FOREIGN KEY (student_id) REFERENCES public.api_student(customuser_ptr_id) DEFERRABLE INITIALLY DEFERRED;


--
-- Name: reports reports_log_face_id_fb1c8f93_fk_face_auth_logs_id; Type: FK CONSTRAINT; Schema: public; Owner: myuser
--

ALTER TABLE ONLY public.reports
    ADD CONSTRAINT reports_log_face_id_fb1c8f93_fk_face_auth_logs_id FOREIGN KEY (log_face_id) REFERENCES public.face_auth_logs(id) DEFERRABLE INITIALLY DEFERRED;


--
-- Name: reports reports_student_id_a1a41068_fk_api_student_customuser_ptr_id; Type: FK CONSTRAINT; Schema: public; Owner: myuser
--

ALTER TABLE ONLY public.reports
    ADD CONSTRAINT reports_student_id_a1a41068_fk_api_student_customuser_ptr_id FOREIGN KEY (student_id) REFERENCES public.api_student(customuser_ptr_id) DEFERRABLE INITIALLY DEFERRED;


--
-- Name: scores scores_classroom_id_7bdf6876_fk_api_classroom_id; Type: FK CONSTRAINT; Schema: public; Owner: myuser
--

ALTER TABLE ONLY public.scores
    ADD CONSTRAINT scores_classroom_id_7bdf6876_fk_api_classroom_id FOREIGN KEY (classroom_id) REFERENCES public.api_classroom(id) DEFERRABLE INITIALLY DEFERRED;


--
-- Name: scores scores_student_id_dfd8f885_fk_api_student_customuser_ptr_id; Type: FK CONSTRAINT; Schema: public; Owner: myuser
--

ALTER TABLE ONLY public.scores
    ADD CONSTRAINT scores_student_id_dfd8f885_fk_api_student_customuser_ptr_id FOREIGN KEY (student_id) REFERENCES public.api_student(customuser_ptr_id) DEFERRABLE INITIALLY DEFERRED;


--
-- PostgreSQL database dump complete
--

